feature,importance
OriginHourDelayRate,0.07034868116667803
CarrierRouteDelayRate,0.06225842498180083
DestHourDelayRate,0.062153435233717545
CarrierDepHourDelayRate,0.04436047877228333
IsMorningPeak,0.042112762981954786
DepHourSin,0.04062981337649696
RouteDelayRate,0.039786980772148005
CarrierDelayRate,0.03463832042909865
Month,0.033280156195509086
DepPeriod_early_morning,0.03296848002405617
ArrHourCos,0.02977492958636878
Origin_ATL,0.028423697307989125
Airline_DL,0.02586527012408427
ArrPeriod_night,0.023767823495656072
AirlineDestDelayRate,0.020132441843561045
IsEveningPeak,0.019726524931019243
ArrHourSin,0.018993138431259982
Airline_AA,0.018405169568723442
DepHour,0.018066883052223565
CarrierDepHourFlightShare,0.01776143809189657
ArrPeriod_morning,0.016374073743515325
Origin_DFW,0.015194662487437482
AirlineOriginDelayRate,0.01481796233863081
IsWeekend,0.014677840423847526
Airline_9E,0.011928822147197801
ArrHour,0.01166622608837306
DepPeriod_evening_peak,0.011518682473403175
OriginDelayRate,0.008193542213991422
ArrPeriod_evening_peak,0.0071064806944680795
ArrPeriod_afternoon,0.006967472923539197
DepPeriod_morning,0.006752205498726854
AirlineOriginFlightShare,0.0065813720862576
DayOfWeek,0.006179218975420158
ArrPeriod_early_morning,0.005989998830337668
DepPeriod_night,0.0056555296170578825
OriginHourFlightShare,0.005329310679798384
DestDelayRate,0.005277967812231558
DepHourCos,0.004877915191284492
IsRedEye,0.004697562048201656
Airline_B6,0.0038020110194530434
IsPeakHour,0.0035675438274014666
Origin_CLT,0.003235481393503616
Airline_AS,0.0031450507207279716
CarrierRouteFlightShare,0.003120854818323953
Origin_DTW,0.002997028738704195
DepPeriod_afternoon,0.0028311181362578063
Dest_ATL,0.0026444680122067877
Distance,0.0025625540813878273
Dest_SFO,0.0025247070639334746
DestHourFlightShare,0.0024799944042324944
ScheduledSpeedMph,0.002417998814359173
DistanceBand_long,0.0021335666635528263
CRSElapsedTime,0.0019819212919506015
LogDistance,0.001953368229429384
Dest_DFW,0.0017333065227465557
Origin_SJU,0.0016080631572780743
Origin_ORD,0.0015409142458394165
Dest_SJU,0.0015007832825114573
RouteFlightShare,0.001494576522072012
Origin_LGA,0.0014587462758788494
IsLongHaul,0.0013861498947031002
ArrPeriod_red_eye,0.0013633809461980867
DistanceBand_short,0.0013548183249222144
Dest_DTW,0.0013450684066033383
DistanceBand_very_long,0.0012913963194398296
Dest_LAS,0.001269224869422163
DistanceBand_medium,0.0011686939698271751
DistanceBand_very_short,0.0011478698254780103
Dest_SEA,0.0010118166504660404
Dest_EWR,0.0009500613396543223
Dest_MIA,0.0009306325384442567
Origin_FLL,0.0009022023531036122
Origin_SEA,0.0008932915162891513
Route_DFW_SFO,0.0008785599494906686
Origin_PHX,0.0008160409469097355
Origin_IND,0.0006733775152165545
Origin_SFO,0.0006574479436674312
Origin_BOS,0.0006404863256047372
Origin_JFK,0.0006384151773072216
Dest_ORD,0.0006116202832504668
Dest_CLT,0.0005996656505301322
Origin_PHL,0.000592129522812575
Route_CLT_TPA,0.0005862811677843799
Dest_PHX,0.0005697814722802338
Route_BOS_LGA,0.000560447539598206
Route_PHL_PBI,0.0005585177937975868
Route_DFW_AUS,0.0005367054937543146
Origin_DCA,0.0005182240388584272
Route_LGA_BOS,0.0005127810584924095
Dest_JFK,0.0004945945063305976
Route_FLL_CLT,0.00047508602552275166
Route_ATL_LAX,0.0004510580595054946
Route_DFW_MKE,0.00042071515966228697
Route_DFW_RDU,0.0004178660933523517
Dest_SNA,0.00040432535142298617
Origin_PDX,0.0004025909662595066
Dest_ANC,0.000393587374546512
Dest_LAX,0.00039125926158116876
Dest_BOS,0.0003788994192569435
Route_DFW_SAN,0.00037085147177375873
Origin_LAS,0.0003699713141092855
Route_BOS_SFO,0.00036163552861443534
Route_ATL_AUS,0.0003575159398213524
Route_SEA_SFO,0.0003486209848875065
Dest_PHL,0.0003451031450013721
Route_ATL_MCO,0.00033594020479079246
Route_ORD_SFO,0.00033228042311868783
Dest_TPA,0.0003302683609767542
Origin_MIA,0.0003270247991617548
Dest_RDU,0.00032278550349899767
Dest_LGA,0.0003226763960842182
Origin_LAX,0.0003203790420040708
Route_ATL_CHO,0.00031900847706401597
Route_JFK_SJU,0.0003186180703577836
Dest_AUS,0.0003167438898329922
Origin_SAN,0.00031590357731840134
Origin_RDU,0.00031198880788458396
Route_ATL_FLL,0.0003089083008193368
Dest_FLL,0.00030749051537226645
Dest_BUF,0.0002934180487279911
Origin_CLE,0.0002893726484004313
Dest_MSP,0.0002848380347637183
Route_IND_JFK,0.0002753855801590059
Origin_BWI,0.0002695159792918107
Dest_SLC,0.0002674521869169934
Origin_SJC,0.0002662030421476868
Dest_MCO,0.00026477719201532937
Origin_ANC,0.0002637520076745645
Origin_ALB,0.00026146756673559545
Route_ATL_EWR,0.000261459853379243
Dest_DCA,0.0002603910838116956
Origin_OGG,0.00025571618891661983
Route_IND_DFW,0.000255561485874365
Route_CLT_BUF,0.00025190767678975976
Route_DFW_SAT,0.00024878259536368974
Route_DFW_LAS,0.0002466533566524823
Dest_DEN,0.00024072662057062817
Route_JFK_LAX,0.00023878886665708212
Route_CLT_EYW,0.00023598497065212965
Route_AUS_DFW,0.0002343330084300598
Origin_CMH,0.00023380301419173493
Route_PHX_SNA,0.00023028324474376135
Route_FLL_EWR,0.00022187216997749995
Dest_EGE,0.00022124620735665943
Dest_CLE,0.00021907258687669346
Dest_BWI,0.00021600874292865881
Origin_SNA,0.0002127852833819964
Route_BOS_SJU,0.000211229449682887
Dest_CHS,0.0002104749620034841
Route_SEA_FAI,0.0002088916603554961
Route_MCO_DCA,0.0002086325826160844
Route_ATL_DAY,0.00020862071366268002
Route_MIA_BNA,0.00020816010207722017
Dest_SAN,0.00020784334351225774
Origin_TYS,0.00020781033341691024
Dest_IND,0.00020647903115439116
Route_RNO_DFW,0.00020502390699913322
Origin_AUS,0.00020398162018804488
Route_CLT_DCA,0.00020186892411691506
Route_DFW_DEN,0.00020006082141385076
Dest_SAT,0.00019895068903858447
Route_DFW_VPS,0.00019693822844782
Route_MEM_CLT,0.00019657602941150162
Origin_EWR,0.0001945307139918692
Dest_AVL,0.00019427567446144768
Dest_EYW,0.00019269309098173998
Dest_CVG,0.00018993918230487036
Route_PDX_PHX,0.00018697888489055671
Origin_MCO,0.00018694411614668556
Route_SJC_DFW,0.00018657916078763988
Origin_MSY,0.00018518483779865962
Origin_MSP,0.00018443853948087941
Route_PHX_SMF,0.00018399305702233087
Route_SAN_PHL,0.0001827926289288223
Route_ATL_JAN,0.00018146676387546418
Origin_RIC,0.0001812623542979352
Origin_PVD,0.00017759296207538994
Route_ATL_HOU,0.00017731726434119292
Route_SFO_DFW,0.00017631869894614758
Dest_JAN,0.00017560086081054547
Route_ATL_DEN,0.00017557785494999812
Origin_SYR,0.0001751386446526147
Route_SLC_CLT,0.000174502941839897
Route_LAX_JFK,0.0001744535963405496
Route_CLT_MCO,0.00017429121267742765
Route_BOS_DCA,0.00016987965340794364
Route_PHX_DFW,0.00016927389732668315
Route_ANC_SEA,0.00016890602207798367
Origin_VPS,0.00016747525654722695
Route_PHL_TPA,0.00016596906603243258
Route_MIA_CLT,0.0001620724716588714
Route_OGG_PHX,0.00016060511156334466
Route_VPS_DFW,0.00015717012083704777
Origin_OMA,0.00015698645711083783
Origin_ONT,0.00015475239732583163
Route_SJU_MCO,0.0001537944981994836
Route_ATL_IND,0.0001529329523723061
Route_PHX_CLT,0.00015214658212275612
Route_ATL_BNA,0.0001507014352755198
Route_EWR_CLT,0.00014969792478819512
Dest_ECP,0.00014945426639367528
Dest_PBI,0.00014936444000907364
Origin_STL,0.00014919973707152586
Route_ATL_DSM,0.00014855083129036698
Route_LGA_FLL,0.0001482477046937445
Dest_PNS,0.00014805934825976586
Route_PDX_SFO,0.00014673644963104373
Route_CLT_LIT,0.00014644705504352967
Route_IND_CLT,0.00014518985159342303
Dest_IAH,0.00014456130792433038
Dest_BDL,0.00014425885321084033
Route_BWI_JFK,0.00014399355935675991
Route_TPA_MIA,0.00014234308526811886
Dest_PIT,0.00014168165273243738
Route_ATL_JFK,0.0001411058114638369
Route_SEA_SAT,0.00014092470280904426
Route_ATL_BWI,0.00014032668239898844
Route_ATL_ECP,0.00014009580121007424
Origin_IAH,0.00013958701593346496
Route_PHX_SEA,0.00013954832579149258
Dest_BNA,0.00013954154981354842
Route_BWI_CLT,0.00013909559364992812
Origin_RSW,0.0001380943985627995
Dest_MCI,0.0001379242357537438
Origin_LIH,0.0001361580260188126
Route_DFW_MCI,0.0001361547595672301
Route_CLT_SEA,0.00013614418849175672
Route_ORD_SEA,0.00013535622815150032
Dest_BZN,0.0001344357724357967
Route_PHX_TPA,0.00013347554764452636
Route_SBA_DFW,0.00013339568076788558
Route_ATL_DTW,0.0001324016237581499
Dest_CMH,0.0001319333061484304
Dest_MKE,0.00013172746688604946
Dest_OMA,0.00013127517771139178
Dest_SYR,0.0001300295592566014
Route_PHL_AUS,0.00012999719193643834
Route_ATL_AVL,0.00012983864237343728
Dest_AGS,0.0001292912108451812
Dest_ORF,0.00012920907651734883
Dest_RNO,0.00012771429371134658
Route_LGA_DFW,0.00012720338543809875
Origin_HNL,0.00012713672459264115
Origin_GEG,0.0001268312262020615
Origin_BNA,0.00012670604528940583
Dest_BOI,0.00012592549745664975
Route_MCO_CLT,0.00012541310328449383
Route_DFW_BOI,0.00012471194888059392
Route_LFT_ATL,0.0001246908260130282
Route_DFW_SJC,0.0001232602538710599
Origin_DEN,0.0001230648046715388
Route_ATL_ILM,0.00012302669804049057
Origin_LIT,0.00012272413472344515
Route_SEA_ANC,0.00012209227691648887
Route_SAV_JFK,0.00012187032567134495
Route_DCA_MCO,0.00012060539481125571
Dest_GTR,0.00012034862885210511
Route_DFW_GRR,0.00012023328865800897
Route_MEM_DFW,0.00012005232568781807
Dest_VPS,0.0001199837299150191
Route_CLT_MSP,0.00011966335846752553
Origin_SLC,0.00011954050059915654
Dest_LEX,0.00011843323777500755
Origin_SMF,0.00011817153419574183
Route_DFW_LEX,0.00011816672782340574
Route_LGA_MIA,0.00011813103354836565
Route_DFW_FLL,0.00011794492364488361
Dest_HPN,0.00011782780723949509
Route_LAS_DFW,0.00011595595198685471
Route_SFO_JFK,0.00011561810087979233
Dest_RIC,0.00011363283762902816
Origin_PBI,0.0001123133836759562
Route_ATL_CHS,0.00011025866101155139
Route_DFW_ECP,0.00010750640656972966
Route_XNA_ATL,0.0001073912888085369
Dest_RSW,0.00010719674556483721
Route_BOS_LAX,0.00010678219577277341
Route_SEA_SNA,0.00010674519529884246
Origin_BDL,0.0001066988610514396
Route_PHL_CLT,0.00010665616015148977
Dest_HOU,0.00010659567852781208
Dest_SMF,0.00010561222142043405
Route_ORD_AUS,0.00010555744805839976
Dest_SAV,0.0001052189079180017
Route_LAS_PHL,0.00010484216671751535
Route_CLT_MDT,0.00010484083733983929
Route_JFK_CLT,0.0001042810927586063
Route_BNA_CLT,0.00010321255755730283
Route_JFK_MSP,0.00010295375364903225
Dest_STL,0.00010233691443195902
Route_ATL_GPT,0.0001023291901106346
Origin_JNU,0.00010220029128704303
Route_DFW_IAH,0.00010113858530266333
Route_ATL_LEX,0.00010064722881333616
Origin_TPA,0.00010005746940824596
Route_DCA_CLT,9.892070256881349e-05
Route_STL_SEA,9.882134864834394e-05
Route_PHX_EWR,9.835027792252747e-05
Route_DFW_ORF,9.789302039047995e-05
Dest_KOA,9.759991091528957e-05
Route_PHX_OMA,9.694549664737024e-05
Route_PVD_CLT,9.598697041574005e-05
Route_RDU_EWR,9.584128236894866e-05
Dest_XNA,9.566696921571114e-05
Route_CLT_CHS,9.554150969047364e-05
Origin_MLU,9.550531142291116e-05
Route_CLT_JAX,9.514258042049127e-05
Route_ATL_JAX,9.494590145648111e-05
Origin_KOA,9.459530282481593e-05
Route_MKE_DFW,9.426927685158899e-05
Route_ATL_ROA,9.366008958591114e-05
Dest_MSY,9.35033619505101e-05
Route_SEA_MSY,9.33178230509162e-05
Route_ANC_MSP,9.262969589756751e-05
Route_ORF_CLT,9.218873930581248e-05
Route_CLT_EWR,9.192887823583111e-05
Route_PBI_PHL,9.176607441376866e-05
Route_DCA_PHX,9.170545827351049e-05
Dest_ALB,9.109947393308393e-05
Route_SAN_MIA,9.073634331877e-05
Route_BOS_CLE,9.048524859635975e-05
Route_DFW_LGA,9.00868725333202e-05
Route_SMF_JFK,8.983110117067951e-05
Route_DFW_MSP,8.95827341473998e-05
Origin_PNS,8.950581883810792e-05
Origin_COS,8.907940060166719e-05
Dest_FAI,8.811096922348772e-05
Dest_SJC,8.79552570598429e-05
Route_DFW_TPA,8.770578891104222e-05
Route_BOS_JFK,8.748834715027478e-05
Route_AUS_ORD,8.748798223019792e-05
Dest_JAX,8.654975567385879e-05
Route_SJU_CLT,8.653919562850724e-05
Dest_DSM,8.632281580676374e-05
Route_ORD_LAX,8.531507713064003e-05
Route_SEA_LAX,8.488580661215288e-05
Route_SNA_SEA,8.43380953543305e-05
Route_SEA_PHX,8.420655777482729e-05
Route_CLT_PHL,8.386495017881423e-05
Route_ONT_SEA,8.371642064345778e-05
Route_CHS_JFK,8.3587403999196e-05
Route_SAN_SEA,8.328239211107198e-05
Route_CLT_LGA,8.198612080723106e-05
Route_SAN_DFW,8.139525786246974e-05
Route_ORD_MIA,8.092724510621817e-05
Dest_CHO,8.069343245069673e-05
Route_DCA_BOS,8.063693454825565e-05
Route_SJU_TPA,8.038275933133393e-05
Dest_LIH,7.990309107472237e-05
Route_CLT_ORF,7.953977192448574e-05
Origin_HPN,7.945715065024396e-05
Dest_MDT,7.941706400526446e-05
Origin_SBA,7.94149865803817e-05
Dest_OGG,7.910734265716433e-05
Route_COS_DFW,7.893678071132377e-05
DepPeriod_red_eye,7.850566375664609e-05
Route_ATL_BOS,7.843540137331373e-05
Route_PDX_BUR,7.821811987634346e-05
Route_IND_PHX,7.813664082068025e-05
Route_ATL_LAS,7.769763717187143e-05
Route_DFW_GSP,7.692173741827348e-05
Route_CLT_PBI,7.644128677216897e-05
Route_ATL_SRQ,7.599832389143521e-05
Route_TUS_DFW,7.578101970090865e-05
Route_DFW_PBI,7.459693866587374e-05
Route_ATL_IAH,7.430903259039156e-05
Route_CLT_LAS,7.428211869169839e-05
Route_DSM_MSP,7.427719733631017e-05
Origin_RNO,7.377088244268002e-05
Route_PBI_DCA,7.360914592249355e-05
Route_CLT_CMH,7.34956577458244e-05
Route_SEA_DEN,7.343437786691726e-05
Origin_XNA,7.293542374291667e-05
Origin_CHS,7.289977116643517e-05
Route_EWR_SEA,7.261783746115197e-05
Origin_MCI,7.251759254140055e-05
Route_ATL_BTR,7.250758775784117e-05
Route_CLT_MSN,7.247875571419589e-05
Dest_BTR,7.20263420606899e-05
Route_EYW_CLT,7.185524367441198e-05
Route_SMF_DFW,7.177613263006729e-05
Route_ATL_PHX,7.158422564521745e-05
Route_CHS_DFW,7.145541171249629e-05
Route_JFK_LAS,7.130022384087324e-05
Route_JFK_SEA,7.125886473037684e-05
Route_ATL_HSV,7.104304380954439e-05
Route_DFW_COS,7.103018077021573e-05
Route_ATL_DCA,7.102266740653139e-05
Route_OGG_DFW,7.096659771609088e-05
Origin_PIT,7.091620244995353e-05
Route_LAX_LAS,7.038658349529848e-05
Dest_LIT,7.011672272283842e-05
Route_CLT_SDF,7.009080045842521e-05
Route_SFO_CLT,6.993853736960837e-05
Route_LAX_ANC,6.988426631563028e-05
Route_SNA_DFW,6.977158438323018e-05
Route_PBI_DFW,6.933300574022044e-05
Route_JFK_FLL,6.929058059229636e-05
Route_PHX_SAT,6.906739874741376e-05
Route_CLT_PNS,6.87376493364765e-05
Route_GSO_CLT,6.854691452752881e-05
Route_DFW_RNO,6.84903733136548e-05
Origin_ABQ,6.824255480615226e-05
Route_DTW_ORD,6.804764044885167e-05
Route_ATL_LIT,6.787586764851461e-05
Route_ATL_PBI,6.787180304817973e-05
Route_CLT_ATL,6.786887331589698e-05
Route_PHL_MCI,6.778331014691867e-05
Route_DFW_OKC,6.777391207768033e-05
Route_EWR_ORD,6.704565840833597e-05
Route_CLT_IND,6.698153742587758e-05
Route_PDX_SNA,6.686274538795673e-05
Origin_GSO,6.649081049714636e-05
Route_DCA_TPA,6.61925091596281e-05
Dest_BTV,6.614144698200688e-05
Route_DFW_SRQ,6.561672035131768e-05
Route_IAH_SEA,6.547903100070309e-05
Route_JFK_SFO,6.542634755388634e-05
Route_LAS_SEA,6.496167831344673e-05
Dest_PDX,6.472895759024879e-05
Dest_PWM,6.46844475381833e-05
Route_LAX_SEA,6.429329389342095e-05
Route_CMH_PHX,6.412372205448663e-05
Route_FLL_AUS,6.396516378432143e-05
Route_SFO_LAX,6.364772133462846e-05
Route_SEA_SAN,6.327884889015347e-05
Route_SEA_GEG,6.313204785036404e-05
Route_DFW_RIC,6.229063147631667e-05
Route_JAX_CLT,6.212167364242579e-05
Route_CLT_RDU,6.179980999918862e-05
Route_BDL_CLT,6.178446718091951e-05
Dest_BHM,6.147446564169934e-05
Route_SJU_MIA,6.133193396128785e-05
Route_ATL_AGS,6.132831867891027e-05
Route_TPA_CLT,6.086673585789676e-05
Route_CVG_DCA,6.031896890048576e-05
Dest_SRQ,5.984338553897912e-05
Route_ATL_MEM,5.9645306385800644e-05
Route_ALB_CLT,5.959744184758046e-05
Route_SFO_SEA,5.956096221194808e-05
Route_DFW_MIA,5.949720965017993e-05
Dest_BUR,5.9305561012122976e-05
Route_BUR_JFK,5.927565423443276e-05
Route_CLT_BWI,5.907047369645906e-05
Origin_JAX,5.905086048561462e-05
Route_DTW_IND,5.904754518862673e-05
Origin_SAV,5.8887892839286615e-05
Route_LAX_BOS,5.865369915670236e-05
Origin_SDF,5.849062094285133e-05
Route_ATL_DFW,5.846073201732624e-05
Route_JFK_MCO,5.8284920521535095e-05
Route_PDX_CLT,5.785396276798965e-05
Route_MCO_MIA,5.7701379232793255e-05
Route_ATL_MIA,5.7580669692382876e-05
Route_LAS_JFK,5.757614393850837e-05
Route_SAN_ORD,5.7374631287872864e-05
Route_OMA_CLT,5.7189383380238645e-05
Route_SEA_TPA,5.714631938454722e-05
Route_PDX_BOS,5.714256967564221e-05
Route_DFW_PIT,5.702826210707204e-05
Route_STT_CLT,5.684567372349279e-05
Route_DFW_SLC,5.669211364104333e-05
Dest_GSP,5.6636998240513265e-05
Route_ATL_MCI,5.588452069260689e-05
Route_CLT_CLE,5.557538785471231e-05
Route_DFW_ATL,5.555600992230648e-05
Route_ATL_RSW,5.5547013239987965e-05
Route_ATL_TYS,5.5323600640812795e-05
Route_DCA_ORD,5.50654284263089e-05
Route_SMF_PHX,5.48878345429961e-05
Route_DFW_CLT,5.481725828536152e-05
Route_ORD_DTW,5.439945107699669e-05
Origin_SAT,5.432249580516646e-05
Route_MCO_DFW,5.427561512867142e-05
Route_ATL_ALB,5.4248122425207124e-05
Origin_MEM,5.399690175144732e-05
Dest_COS,5.399605630746568e-05
Route_DFW_PHX,5.393545466750083e-05
Dest_GSO,5.364331583246066e-05
Origin_CVG,5.35925559695308e-05
Route_PHX_PHL,5.357984101128451e-05
Route_JFK_SAV,5.329006032336222e-05
Route_SJU_BOS,5.312965268879498e-05
Route_CLT_SAV,5.3106009365510845e-05
Route_ATL_LFT,5.3063498442174636e-05
Route_LGA_RDU,5.305080844543935e-05
Route_ATL_CHA,5.250921343458669e-05
Route_DCA_LAX,5.236851244933734e-05
Route_HNL_LAX,5.2212064756654846e-05
Route_MCO_PSE,5.207413216736776e-05
Route_ORD_PHL,5.204254446803946e-05
Route_DCA_DFW,5.2023147139747516e-05
Route_IND_PHL,5.201179828055904e-05
Dest_ROC,5.195709089245466e-05
Route_LIH_PHX,5.194906952483649e-05
Dest_STT,5.179312666314628e-05
Route_DFW_CMH,5.1760851126396845e-05
Route_RDU_LGA,5.163871951111891e-05
Dest_MOB,5.129956997369916e-05
Route_MSP_CWA,5.115023703930137e-05
Dest_DAB,5.112704050546491e-05
Route_DFW_PDX,5.104393881213526e-05
Route_SFO_ORD,5.096023137578633e-05
Route_RDU_DFW,5.0805246782636954e-05
Origin_PSP,5.0766790106462246e-05
Route_MSY_DFW,5.071702061226593e-05
Route_DFW_ORD,5.066473739359275e-05
Dest_GRR,5.045225983850009e-05
Dest_JNU,5.033670732828671e-05
Route_LAS_LAX,5.023104378492951e-05
Dest_CAE,5.0171458690690585e-05
Route_SEA_DFW,4.97292234424014e-05
Origin_SRQ,4.967593975405189e-05
Route_CLT_JFK,4.95536171044223e-05
Origin_HSV,4.916573441755097e-05
Route_PHL_FLL,4.903296756286101e-05
Dest_PSP,4.8988682603009936e-05
Route_DFW_LAX,4.896594446135929e-05
Route_PNS_DFW,4.8844293433553086e-05
Dest_JAC,4.8818676292425374e-05
Route_LAX_FLL,4.861620040264664e-05
Route_SEA_FLL,4.8326307885075925e-05
Route_SEA_PIT,4.813338614583011e-05
Route_DSM_CLT,4.804622926328817e-05
Route_LGA_PNS,4.8006765245725756e-05
Route_ATL_TLH,4.792447873182929e-05
Origin_TUS,4.764854081844711e-05
Route_JNU_SEA,4.761809608052499e-05
Route_PHL_MIA,4.756750712841541e-05
Route_SEA_KOA,4.743619798064739e-05
Dest_SDF,4.739457425917094e-05
Dest_GPT,4.7298324886052035e-05
Route_BUF_CLT,4.729612104219315e-05
Dest_SBA,4.727311856804385e-05
Route_CLE_DFW,4.704997736002002e-05
Route_LGA_CLE,4.683924510994291e-05
Route_SFO_PHX,4.66760444475587e-05
Dest_HSV,4.659485859003968e-05
Route_MIA_PHX,4.642928056116927e-05
Route_JFK_BUF,4.5754186688549354e-05
Route_DFW_SEA,4.573056909946375e-05
Route_TPA_SEA,4.5653610796174e-05
Dest_CWA,4.554216490196116e-05
Route_SAN_JFK,4.5230511538870215e-05
Route_MIA_RIC,4.504910796793076e-05
Dest_ONT,4.451572359664079e-05
Route_TLH_ATL,4.442226982705817e-05
Route_DFW_OMA,4.433431181855809e-05
Route_LAX_ORD,4.428528537520273e-05
Route_DFW_ABQ,4.4245747429966613e-05
Route_PHX_DTW,4.4067644477442066e-05
Route_ATL_BDL,4.397237682119466e-05
Route_SHV_ATL,4.369731973138646e-05
Route_DFW_SBA,4.349138282117142e-05
Route_ATL_BHM,4.3472579863151744e-05
Route_RIC_JFK,4.329542522633134e-05
Route_CLT_ORD,4.297088593244349e-05
Route_PHX_SFO,4.2957118368785384e-05
Route_SFO_BOS,4.285345341540147e-05
Route_MIA_STL,4.2312430606684604e-05
Route_LEX_DFW,4.207538554481448e-05
Route_AGS_ATL,4.192955019000699e-05
Route_TPA_BOS,4.192089149563503e-05
Route_MIA_ORD,4.178440164731999e-05
Route_DFW_DTW,4.178159158886778e-05
Route_ATL_OMA,4.1685469542320875e-05
Route_LIT_CLT,4.161278261843014e-05
Dest_PVD,4.1514262133535184e-05
Dest_MLI,4.1506399449991834e-05
Route_LBB_DFW,4.133678403057133e-05
Origin_EYW,4.122968011146971e-05
Route_PVD_MCO,4.104908350382089e-05
Dest_CHA,4.100580957310384e-05
Route_SFO_MIA,4.092365438481251e-05
Route_FLL_JFK,4.0916204847643194e-05
Origin_MKE,4.085402329558519e-05
Route_MLU_ATL,4.0783189206456294e-05
Route_ATL_BMI,4.070886511794051e-05
Route_DFW_DCA,4.062470338363354e-05
Route_SJC_SEA,4.056426519818139e-05
Origin_TLH,4.0374756658472407e-05
Origin_FAT,4.0336942585725816e-05
Route_SLC_SEA,4.017920873444064e-05
Dest_BMI,3.9909164242479934e-05
Route_BOS_RSW,3.98062682358126e-05
Route_ATL_CMH,3.9741512019301555e-05
Route_CLT_DAB,3.9620461668992054e-05
Route_LGA_CLT,3.9460109479931744e-05
Route_RDU_CLT,3.9422849775615444e-05
Route_ANC_JNU,3.929353335548245e-05
Route_ATL_CLT,3.906678954769637e-05
Route_GEG_SEA,3.903222803870464e-05
Route_FLL_BOS,3.9022157302931294e-05
Route_LGA_DCA,3.879397715418182e-05
Route_ATL_ABE,3.8698935179184466e-05
Origin_GRR,3.848706974920856e-05
Dest_SIT,3.840951544995601e-05
Route_DFW_MRY,3.839806085229227e-05
Origin_LEX,3.830100149806395e-05
Route_GRR_DFW,3.810698607496179e-05
Route_MIA_SJU,3.797946842703309e-05
Route_PDX_SEA,3.797457097331134e-05
Dest_MRY,3.795904359801848e-05
Route_ANC_SCC,3.7559178656952267e-05
Dest_TUS,3.753243011673735e-05
Route_DTW_PHL,3.733967753154625e-05
Route_SEA_AUS,3.7299576443960385e-05
Route_CHS_CLT,3.7202282821904805e-05
Route_LAX_PDX,3.703441202519685e-05
Route_ATL_TPA,3.7000888446088845e-05
Route_ORD_PDX,3.6958383072664106e-05
Route_DFW_FSD,3.655253290945154e-05
Origin_BUF,3.6205606548964426e-05
Route_DFW_JAC,3.606178293202626e-05
Dest_OKC,3.576806886520506e-05
Route_RSW_DCA,3.565813631914705e-05
Route_ATL_CVG,3.562088377554981e-05
Dest_PSE,3.543065245036179e-05
Route_PHL_ATL,3.542184462846443e-05
Route_JFK_ONT,3.53685215834836e-05
Dest_FAT,3.528027807630479e-05
Route_ATL_MDW,3.526729520821998e-05
Route_CLT_FLL,3.523674516092335e-05
Route_DFW_MCO,3.487502125371427e-05
Route_CHA_ATL,3.4732069381750344e-05
Route_PHX_MEM,3.4699475957617503e-05
Route_PHL_DFW,3.4561539746571226e-05
Origin_DSM,3.4559354217314584e-05
Route_DFW_XNA,3.44332127758373e-05
Route_ORD_MCO,3.436599906528472e-05
Route_DFW_TUL,3.420711077629242e-05
Route_ATL_MLI,3.4193252002187715e-05
Dest_ORH,3.378196942481542e-05
Route_SDF_DFW,3.369941247173233e-05
Route_PHL_RDU,3.3664216067422595e-05
Route_RDU_DCA,3.3649331911939064e-05
Route_SJU_JFK,3.363532399016052e-05
Dest_MEM,3.34795081039248e-05
Route_ATL_EYW,3.304809106881532e-05
Origin_AGS,3.3037580205494613e-05
Route_ATL_HPN,3.2868383133544426e-05
Route_MIA_ATL,3.2868184171782504e-05
Origin_ROC,3.286727507272522e-05
Route_BOS_DFW,3.255768797510319e-05
Route_EWR_DFW,3.2187798047482124e-05
Route_SJU_ORD,3.1933654545209693e-05
Route_TPA_PHL,3.1833981580735196e-05
Route_ATL_MOB,3.1801229982993176e-05
Route_PHL_PHX,3.1768613524552374e-05
Route_JAX_MIA,3.175288368745908e-05
Route_KOA_PHX,3.168751458389228e-05
Route_DTW_JFK,3.164282631387759e-05
Route_PIT_SEA,3.1429141214150216e-05
Route_LAS_ORD,3.131683768453829e-05
Route_ALB_LGA,3.111971931923739e-05
Route_PHL_LAX,3.098581237686636e-05
Route_IAH_MIA,3.0776000818360955e-05
Route_DTW_PVD,3.0506181158451727e-05
Route_RSW_CLT,3.0477805285013524e-05
Route_SEA_CMH,3.0429271862145466e-05
Route_CLT_ROC,3.0379693655398398e-05
Dest_MDW,3.0237939154079556e-05
Route_JFK_BUR,3.008717844027819e-05
Route_DFW_CID,2.9940973680349043e-05
Route_TRI_ATL,2.98754514348525e-05
Route_PDX_SAN,2.9838537591185006e-05
Route_ATL_SLC,2.9807067145705873e-05
Route_DFW_CLE,2.980241069918322e-05
Route_BQN_MCO,2.979579189463539e-05
Route_BOS_PHL,2.9709413027811872e-05
Origin_BQN,2.969355949616659e-05
Route_ORD_DFW,2.9560407725567703e-05
Route_LGA_ILM,2.9209546984916848e-05
Route_JFK_PBI,2.9132159627952514e-05
Route_PHX_JFK,2.912979209744312e-05
Origin_FSD,2.8892574369370815e-05
Route_HNL_PHX,2.8685133109934276e-05
Route_JFK_RDU,2.8558734961378127e-05
Route_SEA_MKE,2.8515368503547223e-05
Route_SEA_MCO,2.844172881296347e-05
Route_PHX_ORD,2.8431473260344457e-05
Route_IAH_DFW,2.832273709135489e-05
Origin_ELP,2.812927734195984e-05
Dest_MSN,2.8037388825992335e-05
Route_EWR_LAX,2.8004474604552e-05
Origin_BUR,2.800370878982472e-05
Route_OKC_SEA,2.79368048102958e-05
Route_ATL_ABQ,2.7902906402672284e-05
Route_PHX_LAS,2.776829436899654e-05
Route_ORD_LAS,2.7748191249562217e-05
Route_BOS_PHX,2.7675098120352828e-05
Route_BOS_MIA,2.7668277777916896e-05
Route_DTW_ROC,2.7658752791498017e-05
Route_DFW_PHL,2.7449573949475597e-05
Route_ATL_GSO,2.7421295996253113e-05
Dest_GEG,2.741894359033138e-05
Dest_PAE,2.7341426352210834e-05
Origin_ORF,2.728391753790148e-05
Dest_TYS,2.7125798340977455e-05
Route_LGA_PBI,2.7103373068672337e-05
Route_DFW_TUS,2.708092496538399e-05
Route_ATL_PNS,2.6978079365014023e-05
Route_PHX_PDX,2.6932478322075445e-05
Route_ATL_LGA,2.6874546397112736e-05
Origin_LBB,2.6845589755397544e-05
Route_LAX_PHX,2.6803434779117633e-05
Dest_FSD,2.6765815895991694e-05
Route_JFK_MIA,2.6752956089060587e-05
Origin_LFT,2.673926454338023e-05
Route_MKE_SEA,2.673203348410763e-05
Route_SEA_OGG,2.6723812828929918e-05
Route_MIA_BOS,2.6667666367439453e-05
Route_LAS_MIA,2.6639149392108463e-05
Route_PHX_DSM,2.6501760473744302e-05
Route_CLT_MIA,2.618087627903036e-05
Route_JFK_DTW,2.614219296397173e-05
Route_ROC_DTW,2.5942605054419182e-05
Route_CMH_CLT,2.585942392813524e-05
Route_ITH_JFK,2.5847730202216616e-05
Route_MIA_DFW,2.5816760063687374e-05
Route_FLL_PHL,2.5729106884880115e-05
Origin_OKC,2.572602703592541e-05
Route_MIA_MCO,2.5723072020742896e-05
Route_ATL_GNV,2.5571395115486224e-05
Route_LAS_BOS,2.5555483746441557e-05
Route_DFW_ELP,2.5522209268535434e-05
Route_DFW_ONT,2.5464638228106976e-05
Route_LGA_CHO,2.5418406301690615e-05
Route_JFK_PSE,2.530798644856555e-05
Route_CLT_DEN,2.5301935763936923e-05
Route_ATL_MLU,2.5227432675654075e-05
Origin_SHV,2.517842082470739e-05
Route_MCI_LGA,2.5168737701770263e-05
Route_LGA_DSM,2.5097626029060833e-05
Route_MCO_SEA,2.5066460473624305e-05
Route_FLL_PVD,2.4968103817360262e-05
Route_PHL_SAN,2.496452052392195e-05
Route_DFW_HNL,2.488088728821143e-05
Route_STT_MIA,2.4867993764211293e-05
Route_SEA_ATL,2.4855691135762236e-05
Route_MCO_SJU,2.4852960674866648e-05
Route_ATL_VLD,2.469025951093178e-05
Route_DTW_SYR,2.468909164476096e-05
Route_DSM_PHX,2.4665682301008476e-05
Route_LGA_ORD,2.4635522723344323e-05
Dest_MFE,2.4620471134831944e-05
Route_SJC_KOA,2.460242406331947e-05
Route_CLT_BOS,2.4563002897965296e-05
Route_LGA_DAY,2.4553697908282774e-05
Route_SEA_IAH,2.4499445768808324e-05
Route_LGA_STL,2.449688175977231e-05
Route_CLT_IAH,2.446893009174546e-05
Route_CAE_DFW,2.4447927622640222e-05
Route_DFW_SMF,2.444349197686669e-05
Route_ATL_AEX,2.4424089405425153e-05
Route_ATL_ICT,2.4326726547688546e-05
Route_ORD_RSW,2.4196186635638097e-05
Route_RDU_SEA,2.4147574145021373e-05
Route_SLC_DFW,2.4137304439890252e-05
Route_ATL_ORD,2.4134635982594546e-05
Origin_ILM,2.406189163618299e-05
Dest_ABQ,2.404593550000864e-05
Dest_ITH,2.4013810242042895e-05
Route_PHL_SJU,2.400476178372512e-05
Route_RSW_JFK,2.3890350630596887e-05
Route_DEN_ATL,2.3766037653671745e-05
Route_STL_CLT,2.3757325772818494e-05
Route_MCO_AUS,2.373335973345289e-05
Route_ATL_ELP,2.3728780203024054e-05
Route_ATL_MSY,2.36737436248845e-05
Origin_FAI,2.3519453496994842e-05
Route_LGA_SYR,2.351810763652126e-05
Route_FLL_LAX,2.3433920524617666e-05
Route_SFO_LAS,2.3261279637041682e-05
Route_MKE_CLT,2.3151469099255082e-05
Route_PIT_MSP,2.309111996554916e-05
Route_SEA_BZN,2.307033494510575e-05
Route_DFW_SNA,2.3068878275092478e-05
Route_DCA_STL,2.2939681725142312e-05
Dest_LFT,2.282096124996544e-05
Route_CLT_RSW,2.27405243158474e-05
Dest_HNL,2.264766816263352e-05
Origin_MSN,2.250619460440086e-05
Dest_LBB,2.2482105569463977e-05
Route_LAX_CLT,2.2476828529857013e-05
Route_SEA_SLC,2.2395292833362656e-05
Route_CLT_SJU,2.2376556862209943e-05
Origin_STT,2.2284955924168227e-05
Route_LGA_TYS,2.223415471143995e-05
Dest_DAL,2.222714567361767e-05
Route_SFO_IAD,2.2020483419397366e-05
Route_CLT_ALB,2.19852479628163e-05
Route_HNL_SEA,2.181634092947958e-05
Origin_KTN,2.1801059529977024e-05
Route_SJU_PHL,2.179071763383175e-05
Route_JFK_CHS,2.17715217677677e-05
Route_LAX_SFO,2.1767553969921598e-05
Route_DFW_BUR,2.1745184158097313e-05
Route_ORD_PHX,2.167496251918847e-05
Route_ATL_CSG,2.1654380636643864e-05
Route_BDL_FLL,2.158288029298232e-05
Route_ATL_GSP,2.151673062970903e-05
Route_PDX_DFW,2.1509161308623123e-05
Route_DFW_ANC,2.1490055872039562e-05
Route_ATL_MYR,2.145948118497909e-05
Route_LAX_DFW,2.1403368025222146e-05
Origin_CHO,2.138001404540143e-05
Origin_GTR,2.13770222862121e-05
Route_MCO_PHX,2.1375285859821377e-05
Route_CLT_MEM,2.1315027530063883e-05
Route_SAN_CLT,2.127837603281451e-05
Route_JFK_ATL,2.1111124895840596e-05
Route_PHX_RNO,2.1100347922503485e-05
Route_PHX_MIA,2.1015228887134917e-05
Route_ATL_SJU,2.0978429261243533e-05
Route_ORD_SJU,2.0747838348870647e-05
Route_MSP_DFW,2.074332483738671e-05
Route_CLT_RIC,2.072191824027048e-05
Route_LGA_GSP,2.0716290329505618e-05
Route_MIA_EGE,2.063941820709741e-05
Origin_BHM,2.052243773736728e-05
Route_ABQ_DFW,2.049763171352613e-05
Route_RDU_JFK,2.0497597581217807e-05
Origin_SIT,2.0443621162023914e-05
Route_ATL_MKE,2.044140092469433e-05
Origin_BMI,2.043959234503107e-05
Route_ONT_DFW,2.0436058795275508e-05
Route_CMH_DFW,2.0298646524609122e-05
Route_ORD_SAN,2.0285666198976508e-05
Route_MCO_JFK,2.026374055948031e-05
Route_YAK_JNU,2.021314635053096e-05
Route_DFW_MEM,2.0192445470516963e-05
Route_MIA_SFO,2.0190783098474465e-05
Route_SEA_CLT,2.0174775557392223e-05
Origin_YAK,2.0170871770939876e-05
Route_FLL_SJU,2.0161912398259405e-05
Route_EWR_RDU,2.0104216827455295e-05
Route_ATL_GTR,2.0061991010864604e-05
Route_BNA_DFW,1.99471434142869e-05
Route_DFW_CHS,1.990883926516178e-05
Route_STL_DFW,1.9830960293775483e-05
Route_JFK_BOS,1.9772890750942437e-05
Origin_OAK,1.9749454820725925e-05
Route_FLL_MSY,1.9682845781567065e-05
Route_FLL_DFW,1.9673700853497775e-05
Route_ORF_MIA,1.9591096743030524e-05
Route_DFW_SDF,1.9510495007481875e-05
Route_MCO_BOS,1.950998791944495e-05
Route_CVG_AUS,1.9481860749840854e-05
Route_PHX_MCI,1.946504259613855e-05
Route_PHX_LAX,1.92738400637967e-05
Route_MIA_STT,1.9241576975238316e-05
Route_CLT_AVP,1.921721488873403e-05
Route_SYR_DFW,1.9196364716946477e-05
Route_SAN_MCO,1.9162392722534672e-05
Route_MCO_BDL,1.9079403174520185e-05
Route_HNL_DFW,1.8985414414884884e-05
Route_ORD_DCA,1.8984467227727173e-05
Route_BMI_ATL,1.894675821995947e-05
Route_PVD_DTW,1.885792529260009e-05
Dest_TUL,1.8833248300821172e-05
Route_PHX_BUR,1.8811170282637976e-05
Route_MSP_JFK,1.8794552122203507e-05
Route_SEA_BOI,1.878991593676667e-05
Origin_MYR,1.8782583428444812e-05
Route_GSP_DFW,1.8700307706749292e-05
Route_BOS_RDU,1.8539492864638374e-05
Route_BOI_SEA,1.853309277907745e-05
Dest_VLD,1.8482597984490084e-05
Route_PHX_BOS,1.8474721540929726e-05
Route_CLT_PIT,1.8446321594071407e-05
Route_PHL_SEA,1.838935632256658e-05
Route_PHX_IND,1.8373908006996728e-05
Route_JFK_PHX,1.8350106226605652e-05
Route_ATL_XNA,1.833947990351293e-05
Route_MIA_SEA,1.831161885576765e-05
Route_MCI_DFW,1.8187279075540543e-05
Route_PDX_HNL,1.816271343021948e-05
Dest_ICT,1.8110738438078207e-05
Route_CLT_GSP,1.7989421221096736e-05
Route_BUR_PDX,1.7931859808371573e-05
Route_MCI_PHX,1.7922126385198485e-05
Route_SAV_CLT,1.7921678316187436e-05
Route_ATL_TRI,1.78580388115642e-05
Route_PDX_MIA,1.7853236462296812e-05
Route_PHL_BOS,1.78477553670897e-05
Route_AUS_SFO,1.7750874048493197e-05
Route_DFW_SAV,1.7741006448460616e-05
Route_SAT_SEA,1.7662488433355635e-05
Route_MSP_BOS,1.7609626421999725e-05
Route_BOS_CLT,1.758832136258521e-05
Route_CVG_JFK,1.7511242799093435e-05
Route_FLL_LGA,1.7488159802494204e-05
Dest_STS,1.733253993131837e-05
Route_BOS_DTW,1.7319814225189823e-05
Origin_CHA,1.7306337473416172e-05
Origin_ITH,1.7293822615385873e-05
Route_MCO_PHL,1.724222219487621e-05
Route_LGA_MCI,1.7159961377612744e-05
Dest_IAD,1.7124045039491445e-05
Route_CHS_DTW,1.710915663413977e-05
Route_BDL_MCO,1.7083546753053177e-05
Route_ORD_FLL,1.6869158399580216e-05
Route_ALB_DTW,1.6760790728975175e-05
Route_LAX_AUS,1.6760477389402876e-05
Route_ORD_BOS,1.6697568093160743e-05
Route_LAS_PHX,1.6617274411822404e-05
Route_JFK_IND,1.6592647380620106e-05
Route_CLT_STL,1.654371254775e-05
Route_CLT_DTW,1.6537115913485662e-05
Route_MCO_PVD,1.652994777804638e-05
Route_AUS_MIA,1.6383810826234773e-05
Route_IND_LGA,1.6357454599132317e-05
Route_DCA_CVG,1.6269127348454427e-05
Route_ORD_CLT,1.625407429570156e-05
Route_DCA_SEA,1.6253407031403833e-05
Route_SEA_JFK,1.623133754880254e-05
Route_PSP_JFK,1.6003900726930524e-05
Dest_CSG,1.6002640815287668e-05
Route_MCO_LAX,1.5911969162096883e-05
Route_ATL_RDU,1.5872032121940006e-05
Route_LIH_LAX,1.5788339524228883e-05
Route_DCA_PBI,1.5773792504655077e-05
Route_GSP_LGA,1.5701554983046103e-05
Route_ORD_LGA,1.5651193308267908e-05
Origin_BTV,1.5600211458983383e-05
Route_CVG_CLT,1.5572036414906402e-05
Route_SMF_SEA,1.5557070254597997e-05
Route_SAT_DFW,1.5556489070933493e-05
Route_CLT_PVD,1.5460442286526926e-05
Route_JAX_DFW,1.545358098490643e-05
Route_KTN_SIT,1.5386501801643635e-05
Route_SEA_MCI,1.5331993004705287e-05
Dest_GUC,1.5313516058408528e-05
Route_CLT_BNA,1.530994328793162e-05
Route_AUS_PHX,1.530828869778519e-05
Dest_HDN,1.5272876091255672e-05
Route_ATL_STL,1.5272823986215755e-05
Route_ROC_JFK,1.5228214219482292e-05
Route_CLT_BDL,1.5199475632362785e-05
Origin_GSP,1.5169950660367466e-05
Route_DFW_CAE,1.515762653001059e-05
Route_LGA_PVD,1.5115044220032479e-05
Route_ATL_BTV,1.500207744019128e-05
Route_DEN_MIA,1.4950086615922924e-05
Route_FLL_LAS,1.4937508651435661e-05
Route_RSW_BOS,1.4827146700803597e-05
Route_DFW_RSW,1.4761723478630772e-05
Route_CLE_MIA,1.473490372153431e-05
Route_BDL_MIA,1.4721034507246727e-05
Route_TYS_CLT,1.4707090931075683e-05
Route_SYR_LGA,1.4669346549498323e-05
Route_LGA_BHM,1.4590263938677982e-05
Route_CLT_SFO,1.4483656798835393e-05
Route_PHX_DEN,1.4470724795287599e-05
Route_CLT_MCI,1.4443246893498383e-05
Route_CLT_TYS,1.4433704692786555e-05
Route_SLC_LAX,1.4388818716222167e-05
Origin_ROA,1.4366961598299965e-05
Route_JFK_MSY,1.4361203859476013e-05
Origin_TUL,1.4341102422129599e-05
Route_ATL_SEA,1.4333314553717556e-05
Route_BOS_AUS,1.4332695804374368e-05
Route_SCC_ANC,1.4324147694485641e-05
Route_OGG_SAN,1.4323242940110567e-05
Dest_TLH,1.4298703237503174e-05
Route_DFW_MFE,1.4248613885808943e-05
Route_CVG_LGA,1.416984201164312e-05
Dest_ELP,1.4121126531279646e-05
Route_DTW_DFW,1.40972600035401e-05
Route_OMA_DFW,1.4085920629205143e-05
Route_JFK_SAN,1.4066751559758033e-05
Route_CLT_SRQ,1.4024266310791734e-05
Route_CLT_AUS,1.3949188794798944e-05
Route_BOS_FLL,1.3903730291326456e-05
Route_ROC_LGA,1.3784508220962136e-05
Origin_CWA,1.3754802609697292e-05
Route_SEA_PDX,1.3707386473340487e-05
Route_RSW_DFW,1.3667353744949963e-05
Route_HPN_ATL,1.3620516245698976e-05
Origin_IAD,1.3503325851940095e-05
Route_ORD_EWR,1.3493354588244122e-05
Route_RIC_MCO,1.3493004559916939e-05
Route_LAS_SFO,1.3428304389509606e-05
Dest_ILM,1.3339069674716413e-05
Route_PHL_DTW,1.3279684288731115e-05
Route_PHX_MKE,1.320018528006362e-05
Route_ATL_DAB,1.3190711181371991e-05
Route_ATL_SAN,1.3186755244356973e-05
Route_ATL_CAE,1.3186543781751384e-05
Route_PIT_CLT,1.310335477822781e-05
Route_DTW_CLE,1.3089646279072677e-05
Route_PHX_RDU,1.3044623354907427e-05
Route_CLT_SAT,1.3014523216437259e-05
Route_IAD_SEA,1.2995874243635925e-05
Route_LAX_MIA,1.292819713362383e-05
Origin_ABE,1.2908997405162686e-05
Route_DFW_PSP,1.2892660610956642e-05
Route_ILM_CLT,1.2874773922560067e-05
Route_JAC_DFW,1.287351501537471e-05
Route_ATL_SAT,1.2853273336009094e-05
Route_TPA_DFW,1.2850188918534657e-05
Route_BET_ANC,1.2786103165060888e-05
Route_DCA_PDX,1.2724079057653113e-05
Route_PHL_LAS,1.2708619738070945e-05
Route_ATL_SFO,1.2660087307280763e-05
Route_CLT_GRR,1.2642157364407495e-05
Route_JNU_SIT,1.2625263200139003e-05
Route_JFK_EGE,1.2617254654126526e-05
Route_ATL_DAL,1.2616104146014465e-05
Route_PHX_PSP,1.2604813927968823e-05
Route_FLL_RIC,1.2598717561693397e-05
Origin_FCA,1.2549220714206133e-05
Route_DFW_BNA,1.2492940518878072e-05
Route_BUF_LGA,1.2421743464584073e-05
Dest_DAY,1.2414839350725994e-05
Route_PHL_JAX,1.2414696050757864e-05
Route_FSD_DFW,1.2408736941976532e-05
Route_DFW_EWR,1.2401947363881e-05
Origin_JAC,1.2368155085358029e-05
Route_DTW_CLT,1.2331563575270281e-05
Route_SEA_CLE,1.2299363810169255e-05
Route_SIT_JNU,1.229797258815462e-05
Dest_BQN,1.2295043053282285e-05
Route_PBI_HPN,1.2286842981436976e-05
Route_CVG_MSP,1.228587966932622e-05
Route_PSP_PDX,1.2271014719182499e-05
Origin_PAE,1.2217520507078624e-05
Route_LAX_IAD,1.2025118135493252e-05
Origin_EUG,1.2016264579627292e-05
Route_DFW_GEG,1.2010925172950439e-05
Dest_MSO,1.1990834702175809e-05
Route_MKE_JFK,1.1951598709371445e-05
Route_LAX_EWR,1.1907223737672344e-05
Dest_STX,1.1862541966820715e-05
Route_ABQ_ATL,1.1859955743379112e-05
Route_DFW_BOS,1.1848926839329637e-05
Origin_EGE,1.1783973768624577e-05
Origin_ACK,1.164133306037182e-05
Route_LGA_CHS,1.1638590349822839e-05
Route_DFW_EGE,1.16331028243137e-05
Dest_KTN,1.1632809284172689e-05
Route_SRQ_DFW,1.1624076197859894e-05
Route_RNO_PHX,1.1577053245918165e-05
Route_SEA_HNL,1.155023390970841e-05
Route_AEX_ATL,1.1528602620129587e-05
Route_DFW_CVG,1.1503235497497301e-05
Route_MIA_CLE,1.14983393238523e-05
Route_LAX_PHL,1.1489709610503936e-05
Route_SJU_FLL,1.1484855157184703e-05
Route_CAE_LGA,1.1471216287217871e-05
Route_DEN_DFW,1.1467531369429857e-05
Route_FLL_TLH,1.1408741287158188e-05
Route_DCA_RDU,1.1403433963900426e-05
Route_SBA_PHX,1.1396160781596362e-05
Origin_MLI,1.1395947556916456e-05
Route_DTW_DSM,1.1378936950405282e-05
Route_ATL_BZN,1.1344782129767585e-05
Route_RSW_ORD,1.1328697675626268e-05
Route_PDX_EWR,1.1310709397948494e-05
Route_BOS_SAT,1.129419414070771e-05
Route_ELP_DFW,1.1277668709580896e-05
Dest_TRI,1.1250603644819256e-05
Route_DEN_PHX,1.1207325282436725e-05
Route_ATL_SDF,1.120043749908493e-05
Route_PHL_IND,1.1194959139012615e-05
Route_CVG_EWR,1.1072221756648351e-05
Route_ALB_ATL,1.1017751612657783e-05
Origin_CAE,1.1009336991500994e-05
Route_ORD_SNA,1.0981343003382455e-05
Route_BDL_TPA,1.0975891096648726e-05
Route_DFW_PNS,1.0922892731689933e-05
Route_DCA_LGA,1.0883247967690403e-05
Route_LGA_ORF,1.08815945909744e-05
Route_PHL_SFO,1.0863546468827626e-05
Route_DEN_PDX,1.0829275970627719e-05
Route_ANC_DFW,1.0816343392986719e-05
Route_JNU_YAK,1.0780657911946024e-05
Route_LGA_BGR,1.077914370731005e-05
Route_HNL_SFO,1.0733383855228302e-05
Route_CLT_CVG,1.0731836067778946e-05
Dest_AEX,1.0714274357457278e-05
Dest_MLB,1.0646478119126426e-05
Dest_CID,1.0632403548145684e-05
Route_CLE_DTW,1.0613336131687368e-05
Route_TUS_PHX,1.0597764439131174e-05
Route_SYR_DTW,1.059478499857043e-05
Route_CLT_OMA,1.0590935737271065e-05
Route_PHX_ABQ,1.057261401667418e-05
Route_MKE_LGA,1.054968781726614e-05
Route_DFW_ICT,1.0420382162642652e-05
Route_PDX_JFK,1.039481971088259e-05
Route_RIC_FLL,1.0382675633076597e-05
Origin_TRI,1.0350810337339179e-05
Route_CLT_DFW,1.0327252623756034e-05
Route_EWR_FLL,1.032017929231296e-05
Route_MIA_JAX,1.0218618353011987e-05
Route_LAX_OGG,1.0165433039648096e-05
Route_RDU_FLL,1.0145228890499892e-05
Route_OMA_ORD,1.0132449466307023e-05
Route_ATL_RIC,1.0088057172281641e-05
Route_XNA_CLT,1.0079524096800006e-05
Origin_BRW,1.0061477971715898e-05
Route_PHX_ANC,9.96043206766645e-06
Route_MIA_JFK,9.935839429855288e-06
Route_DCA_SJU,9.903653245583677e-06
Route_ADQ_ANC,9.8966573518888e-06
Route_GEG_DFW,9.895830011908151e-06
Route_ATL_BUF,9.89237435348472e-06
Origin_AVL,9.864554404446634e-06
Route_MIA_DCA,9.861989312070571e-06
Origin_BFL,9.830416050964006e-06
Route_DFW_HDN,9.828292099795096e-06
Route_EWR_MIA,9.789449978043263e-06
Route_ATL_PHL,9.758902215301502e-06
Route_PDX_LAS,9.745271057062372e-06
Route_MCO_HPN,9.707051332110961e-06
Route_MSP_CVG,9.70644198021011e-06
Route_ORD_SRQ,9.679134200116136e-06
Origin_MFE,9.675788276600559e-06
Route_PDX_DEN,9.647697560223045e-06
Route_DFW_STL,9.603102691645971e-06
Route_PDX_ORD,9.54414215415132e-06
Route_SFO_PHL,9.443485275426348e-06
Route_DEN_SEA,9.393907440257823e-06
Route_MCI_JFK,9.331249711664518e-06
Route_FLL_SFO,9.298683188521285e-06
Origin_CDV,9.288864127304656e-06
Route_DCA_FLL,9.271007016846126e-06
Route_AVL_DFW,9.258335598622155e-06
Route_DEN_PHL,9.245464942467282e-06
Route_ORD_ATL,9.211030487022472e-06
Route_MIA_IAH,9.152172374307333e-06
Route_PHX_DCA,9.144461108371891e-06
Route_LAX_PAE,9.095854869331054e-06
Route_TPA_EWR,9.086337755358528e-06
Origin_VLD,9.012088159848316e-06
Route_BNA_LAX,9.007289743936453e-06
Route_AUS_JFK,9.002615871024309e-06
Route_PHX_OGG,8.986850091766776e-06
Route_ORD_PIT,8.97804381303181e-06
Route_SNA_PHX,8.975092966173194e-06
Route_JFK_ITH,8.968161713273741e-06
Route_DEN_CLT,8.961574776791181e-06
Route_JFK_DFW,8.947710707020005e-06
Route_FLL_DCA,8.939739059641193e-06
Route_SEA_SMF,8.929783865878521e-06
Dest_ROA,8.87470329240533e-06
Route_AUS_LAX,8.818408655186641e-06
Route_LGA_ROA,8.784362482154994e-06
Route_ATL_ATW,8.780600673408275e-06
Route_MIA_IND,8.780442374605989e-06
Route_BHM_DTW,8.76797044354184e-06
Route_LGA_BUF,8.681572368220831e-06
Route_ATL_SHV,8.675231514176485e-06
Route_BUR_PHX,8.66409181493331e-06
Route_BNA_MIA,8.663802646546046e-06
Route_PDX_ANC,8.610873272584173e-06
Origin_BET,8.599572301954076e-06
Origin_DAB,8.578570658980018e-06
Route_TYS_DTW,8.545980377700552e-06
Route_OAJ_ATL,8.543067219014627e-06
Route_SAT_CLT,8.523225913393002e-06
Route_CLT_MSY,8.522633161925971e-06
Route_TYS_ATL,8.521645450606384e-06
Route_SEA_EWR,8.51654713472334e-06
Route_ORD_JFK,8.48071515676171e-06
Route_JFK_SNA,8.474662753637688e-06
Route_DCA_MIA,8.460211078234973e-06
Route_BDL_SJU,8.403769002388309e-06
Origin_WRG,8.403004325236488e-06
Route_BUF_FLL,8.357171389255567e-06
Route_MIA_ORF,8.352711764118e-06
Route_FLL_ORH,8.334767871671972e-06
Route_TUL_DFW,8.283037441356065e-06
Route_MFE_DFW,8.271747987018055e-06
Route_KTN_WRG,8.245669071378648e-06
Route_PAE_PHX,8.235926612550315e-06
Route_CLT_SAN,8.191919194056733e-06
Route_BOS_MCO,8.189060004681251e-06
Route_CLT_MYR,8.156186064314085e-06
Route_STX_CLT,8.150060860412741e-06
Route_DTW_PIT,8.149581165115321e-06
Route_MCO_BQN,8.149262885372062e-06
Route_MIA_SAN,8.14709100155474e-06
Route_MCO_ALB,8.134967587180099e-06
Route_TPA_LAX,8.12619185991626e-06
Route_SJU_DFW,8.094480291218505e-06
Dest_ABE,8.05237222364798e-06
Route_LIT_DFW,8.050095738536735e-06
Route_SFO_MCO,8.047405356713816e-06
Route_OMA_PHX,8.041331315393731e-06
Route_ORD_ANC,8.040845794777639e-06
Route_DCA_RSW,8.023531354622617e-06
Route_HPN_FLL,8.008513114785025e-06
Route_SAN_LIH,7.976242585910913e-06
Route_DCA_LAS,7.951025136531246e-06
Route_DTW_CVG,7.836585774364335e-06
Route_ROC_CLT,7.82653156592489e-06
Route_EWR_MCO,7.82536694715985e-06
Route_ORD_RDU,7.80311937839614e-06
Route_CLT_STT,7.802933254741792e-06
Route_BOS_PBI,7.79601333123448e-06
Route_CLT_CID,7.793620542408175e-06
Route_LIH_SEA,7.74847174177139e-06
Route_ORD_JAC,7.687754414619521e-06
Route_JFK_SYR,7.637303619296566e-06
Route_FLL_JAX,7.5950172008614976e-06
Route_PHL_MCO,7.582687040636242e-06
Route_MSY_SEA,7.57438675929872e-06
Dest_SCC,7.573629651556521e-06
Route_EWR_PHX,7.5720994471310336e-06
Route_ATL_SAV,7.531016212790262e-06
Route_ATL_PIT,7.512133399702528e-06
Route_LGA_CAE,7.486864417053056e-06
Route_DTW_PHX,7.478001624770523e-06
Route_SRQ_CLT,7.477512816836733e-06
Route_DFW_SBP,7.468494467388882e-06
Route_LGA_ORH,7.441292323520212e-06
Route_AUS_SNA,7.350607808628865e-06
Route_ONT_JFK,7.343606929252523e-06
Route_AUS_ATL,7.343566550845946e-06
Route_SAV_DFW,7.3252609863134815e-06
Route_CLT_SLC,7.297164880001473e-06
Route_MIA_MKE,7.211257700766704e-06
Route_LGA_CVG,7.1991940962585104e-06
Route_DFW_IND,7.182894114821119e-06
Route_PDX_KOA,7.165365062937176e-06
Route_BNA_PHX,7.158318307518879e-06
Route_ORD_CLE,7.12243725704551e-06
Route_SAN_EWR,7.11314878105577e-06
Route_TPA_PHX,7.112016432375989e-06
Route_MGM_ATL,7.104534326340135e-06
Route_FAT_DFW,7.076956735456057e-06
Route_CMH_PHL,7.037417249672626e-06
Dest_ADQ,6.991087444109184e-06
Route_BRW_ANC,6.98675635086792e-06
Route_CLT_STX,6.9865424393410504e-06
Route_BWI_MIA,6.966718114370227e-06
Route_HNL_ANC,6.941167372315444e-06
Route_TPA_ORD,6.9347997639357395e-06
Dest_MVY,6.924191783911221e-06
Dest_OAJ,6.863789199565716e-06
Route_JFK_PIT,6.863673566711418e-06
Route_OGG_PDX,6.8353257589738855e-06
Route_DTW_TYS,6.8152170853228056e-06
Route_ATL_CLE,6.7687450766554025e-06
Route_EWR_PBI,6.73985400444347e-06
Dest_MLU,6.736860755923838e-06
Route_HPN_TPA,6.729573327213422e-06
Route_MCO_SAN,6.699021178048167e-06
Route_RIC_CLT,6.696701160914242e-06
Route_MCO_SFO,6.679137984128828e-06
Route_PIT_BOS,6.665059950447188e-06
Route_DFW_SJU,6.637311275624979e-06
Route_LGA_SAV,6.607706061501999e-06
Route_PDX_MCO,6.606183455113398e-06
Dest_OAK,6.600705381326445e-06
Route_BOS_SEA,6.599661163155177e-06
Origin_PWM,6.599022992374166e-06
Route_PIT_PHL,6.4600922722731835e-06
Route_BNA_BOS,6.436537694644584e-06
Route_DTW_BDL,6.4220209746884495e-06
Route_BZN_DFW,6.41810822086358e-06
Origin_MTJ,6.409296493208594e-06
Route_DFW_BZN,6.407715194441455e-06
Route_EWR_TPA,6.329038251208557e-06
Route_RDU_AUS,6.276082689818831e-06
Route_ATL_IAD,6.254011702653594e-06
Route_SFO_EWR,6.236501701910012e-06
Route_WRG_PSG,6.213367779066448e-06
Route_MOB_ATL,6.2017341711742735e-06
Route_ORD_EGE,6.1891904400267705e-06
Dest_SBP,6.181137583311656e-06
Route_LAX_MCO,6.1749515228558305e-06
Route_PHL_DEN,6.157821389548896e-06
Route_LGA_MYR,6.138503891541632e-06
Route_LGA_BTV,6.135527805410571e-06
Route_LGA_MCO,6.104655648949556e-06
Dest_GNV,6.102789723454502e-06
Route_SAV_LGA,6.099669351231977e-06
Route_LAX_HNL,6.089436181082263e-06
Route_MYR_LGA,6.087024108677911e-06
Route_MIA_EWR,6.054304213924095e-06
Route_ATL_MGM,5.892417004803455e-06
Route_AUS_CLT,5.887447789630002e-06
Origin_OAJ,5.839192259787205e-06
Route_SLC_FLL,5.8298926916272115e-06
Route_MLI_ATL,5.763252115548581e-06
Route_SAN_SFO,5.738782511125699e-06
Route_DFW_JAX,5.733943435640602e-06
Route_ABQ_SEA,5.728286695662098e-06
Route_JAX_PHX,5.718100443103216e-06
Route_DSM_DFW,5.707780604945787e-06
Route_SJU_STT,5.704337015886864e-06
Route_EWR_SJU,5.675035186013523e-06
Route_SAN_FLL,5.674266710482151e-06
Origin_SCC,5.665020347740338e-06
Route_MIA_LAS,5.660093582955177e-06
Route_BDL_DFW,5.608800402228595e-06
Route_ATL_GEG,5.579246967080755e-06
Route_CVG_DFW,5.578841679295053e-06
Route_LGA_PWM,5.576500011902657e-06
Origin_DHN,5.548144275630741e-06
Route_SEA_DCA,5.508963493495958e-06
Route_MIA_AUS,5.4824912903198345e-06
Route_SLC_MIA,5.46793369883854e-06
Origin_CID,5.46658010385809e-06
Route_STL_PHX,5.451809816630225e-06
Route_SEA_RNO,5.445180814801805e-06
Route_TYS_DFW,5.422879121835792e-06
Route_MCO_ORD,5.407372391571575e-06
Route_CLT_ILM,5.386324146752509e-06
Route_DAB_CLT,5.364112412854228e-06
Route_GRR_ORD,5.363727760916342e-06
Dest_FAY,5.288225379123804e-06
Route_CLT_SMF,5.278740779353759e-06
Origin_MGM,5.273784453312887e-06
Route_MCI_SEA,5.239892788353215e-06
Route_CLT_LAX,5.237260010025508e-06
Route_MDT_ATL,5.230363992633708e-06
Route_DTW_MCO,5.185525223628274e-06
Route_DFW_DSM,5.17930688036766e-06
Route_SBP_DFW,5.168762234368737e-06
Dest_EVV,5.154333310899374e-06
Route_BOS_ORD,5.154293037558513e-06
Route_BGM_DTW,5.151021968998864e-06
Route_LAX_PBI,5.135846488889817e-06
Route_ATL_OAJ,5.118990372583079e-06
Route_JFK_SMF,5.106284789240881e-06
Route_DEN_ORD,5.090263646918344e-06
Route_EUG_DFW,5.0849490972906694e-06
Route_LGA_PIT,5.0580263782492745e-06
Route_SAN_PHX,5.056407433416658e-06
Route_CAE_ATL,5.0427342262097545e-06
Route_CLT_LEX,5.035532640303617e-06
Route_WRG_KTN,5.006864665077788e-06
Route_SFO_PDX,4.9733875181071e-06
Dest_PSC,4.969021857727996e-06
Dest_MTJ,4.959195321068609e-06
Route_RIC_DFW,4.946911151295084e-06
Origin_BGR,4.919413858381012e-06
Route_MIA_TPA,4.913140332001578e-06
Route_LAX_SLC,4.86949955026972e-06
Route_CLT_VPS,4.842524316307836e-06
Route_SAT_BOS,4.7878800352449205e-06
Route_SYR_CLT,4.784759074905933e-06
Route_HPN_PBI,4.7740405487267395e-06
Route_PHX_AUS,4.750066404295358e-06
Route_BWI_SEA,4.715887357197443e-06
Origin_HDN,4.6994489516292985e-06
Route_PSP_SEA,4.662870650063869e-06
Route_MIA_LGA,4.661877513989412e-06
Dest_FWA,4.648972604945125e-06
Route_DFW_EUG,4.647113404399999e-06
Route_CLT_PHX,4.644330678217356e-06
Route_BOS_ATL,4.641361949867532e-06
Route_DTW_ATL,4.6320589978122024e-06
Route_SAN_PDX,4.628697831481998e-06
Origin_MRY,4.595505208598351e-06
Route_EGE_LAX,4.571293994995928e-06
Route_JFK_PSP,4.565339652100525e-06
Route_XNA_MSP,4.552902103899571e-06
Route_RDU_CVG,4.536496603133235e-06
Route_DCA_SRQ,4.533302883803761e-06
Route_LAS_CLT,4.529237776152175e-06
Route_DFW_AVL,4.5145481269634365e-06
Route_ATL_COS,4.4724554737344704e-06
Route_CVG_DTW,4.4248210795109585e-06
Route_IAH_PHX,4.3971185094871514e-06
Route_BNA_JFK,4.390460461358818e-06
Route_MIA_DTW,4.38232295191833e-06
Route_DTW_ALB,4.362757098020904e-06
Route_ATL_CID,4.360013146016192e-06
Route_LIH_SAN,4.34822875783188e-06
Route_MCI_CLT,4.344031681690918e-06
Route_JFK_CVG,4.337976310243967e-06
Route_HNL_PDX,4.291795659302544e-06
Origin_GRB,4.2815532741456375e-06
Route_ANC_BRW,4.273593429782825e-06
Route_EVV_ATL,4.201006903277209e-06
Route_MSN_CLT,4.185143027082499e-06
Dest_BRW,4.185090082986841e-06
Route_CLT_GSO,4.1746075166779046e-06
Route_OKC_CLT,4.164339570930431e-06
Route_EWR_RSW,4.145747379838312e-06
Route_OGG_SEA,4.118727570508263e-06
Route_CLT_XNA,4.052331887614757e-06
Origin_BZN,4.017072239989901e-06
Dest_CDV,3.999392334222013e-06
Route_ILM_LGA,3.995181066681091e-06
Route_LGA_ALB,3.978631682593057e-06
Route_GSO_DFW,3.963934716808393e-06
Route_BFL_DFW,3.910657114290313e-06
Route_ATL_OKC,3.901266367416697e-06
Route_HSV_DTW,3.8682042868193885e-06
Route_PNS_CLT,3.852793387997116e-06
Route_SEA_FAT,3.834969109743268e-06
Origin_EVV,3.8328949086979305e-06
Route_GSO_LGA,3.825551510854423e-06
Route_JFK_BNA,3.8034312021931195e-06
Route_LGA_BDL,3.7657965516951264e-06
Dest_DHN,3.757936302960737e-06
DistanceBand_ultra_long,3.74373444100225e-06
Route_STL_LGA,3.7065609947468357e-06
Route_ATL_MDT,3.7065599600615046e-06
Route_PDX_DCA,3.648581764104614e-06
Dest_WRG,3.6298194907709157e-06
Route_SAN_GEG,3.5982398822566228e-06
Route_SDF_CLT,3.5872201558961406e-06
Route_DCA_MSP,3.5863708206852472e-06
Route_SEA_PSC,3.58079431969849e-06
Route_LAX_IND,3.563738495651247e-06
Route_BOS_DEN,3.563475797248088e-06
Route_JNU_PSG,3.556249977342861e-06
Route_DFW_BUF,3.553440619243586e-06
Route_PIT_DFW,3.5090578418526003e-06
Route_JFK_PWM,3.4830159115342382e-06
Route_FAT_SEA,3.4267075296742935e-06
Route_DCA_ATL,3.4159813675626457e-06
Route_JNU_ANC,3.3806911938154507e-06
Route_SEA_BOS,3.354286544536565e-06
Route_TYS_LGA,3.331692775529751e-06
Route_MCI_MIA,3.303879327699056e-06
Route_IAH_JFK,3.2994684516844936e-06
Route_DHN_ATL,3.243067710496024e-06
Route_FLL_ALB,3.239694989140647e-06
Route_MIA_PHL,3.2295751808296465e-06
Route_EYW_PHL,3.2203761349580236e-06
Route_ATL_GRB,3.2128039059336425e-06
Route_LAX_EGE,3.192340331016342e-06
Route_IAH_CLT,3.1782271495912104e-06
Route_JFK_BQN,3.1760851482761644e-06
Route_DTW_MIA,3.1557712287510647e-06
Route_BTV_LGA,3.1551528542257226e-06
Route_PDX_LAX,3.152250758300105e-06
Route_PBI_PVD,3.1308988515797955e-06
Route_FLL_HPN,3.1221599772469884e-06
Route_CHS_FLL,3.1093026853109995e-06
Route_IAD_SFO,3.0930097855632787e-06
Route_SYR_JFK,3.0808335442512998e-06
Route_SEA_PHL,3.0796348477197603e-06
Route_BOS_IAH,3.0710474163576507e-06
Route_SEA_SJC,3.0621654780691645e-06
Origin_MQT,3.056761441883986e-06
Origin_AEX,3.0374059280077536e-06
Route_DTW_LAN,3.030973120255184e-06
Route_IND_MSP,3.0130014746271003e-06
Route_BTV_JFK,3.00630646652932e-06
Route_TUL_CLT,2.9936907426035113e-06
Route_ABE_ATL,2.9783954510937846e-06
Route_TPA_DCA,2.959520754255777e-06
Route_BNA_LGA,2.951135439018942e-06
Route_MDT_CLT,2.90601667009817e-06
Route_CLT_OKC,2.8305348445835947e-06
Dest_SGF,2.8225421360020715e-06
Route_DFW_FAT,2.8219336537562166e-06
Origin_MOB,2.821350094532548e-06
Route_BOS_PIT,2.776744536914276e-06
Route_ATL_GRR,2.7652983177778593e-06
Route_BOI_DFW,2.7350320414990347e-06
Route_ORD_TUS,2.7343355488921777e-06
Route_DTW_IAD,2.7308918510782846e-06
Route_ORD_PSP,2.714327498443369e-06
Route_DTW_ORF,2.6760867997077203e-06
Route_OMA_SEA,2.67018486551491e-06
Route_RST_MSP,2.665637092570964e-06
Route_ONT_PHX,2.6276110443958294e-06
Dest_MGM,2.6212218190202374e-06
Route_RDU_ORD,2.5942465057444663e-06
Route_CLE_CLT,2.5857980272431595e-06
Route_JFK_PDX,2.5751227011793162e-06
Route_MIA_OMA,2.5549568809338568e-06
Route_ORD_STL,2.5397104604807906e-06
Route_OMA_MIA,2.5180181766680898e-06
Route_FLL_BDL,2.5018114133206635e-06
Route_CHS_MIA,2.4725347109576927e-06
Route_PHL_PIT,2.4371844211065354e-06
Origin_ATW,2.416841374707443e-06
Route_FLL_ATL,2.416246605964305e-06
Route_ANC_BET,2.411628923037353e-06
Route_SJU_BDL,2.407788201983052e-06
Route_FLL_BUF,2.4058633723907137e-06
Route_AUS_PHL,2.3869443342442467e-06
Route_LGA_RIC,2.3680295754620046e-06
Route_RDM_SEA,2.3370012818868186e-06
Route_DTW_MEM,2.319408409868512e-06
Route_DFW_BHM,2.2686529809066963e-06
Route_ORF_JFK,2.2659915714017986e-06
Route_DTW_BHM,2.2533664332304938e-06
Route_MIA_MCI,2.237069761015801e-06
Route_MSP_RST,2.222921644562878e-06
Route_ATL_EVV,2.2122376941051963e-06
Route_ORD_PBI,2.1783006205380325e-06
Route_MSP_IND,2.155450849397962e-06
Dest_ATW,2.1442027638106352e-06
Route_MEM_MIA,2.1422869188731813e-06
Route_SMF_CLT,2.1124182504927777e-06
Route_ABQ_SLC,2.110099780130345e-06
Route_SEA_RDU,2.1036010696259527e-06
Route_PHL_IAH,2.0721430673255386e-06
Route_PHX_FAT,2.0634261175112955e-06
Route_SJU_EWR,2.0627877637665963e-06
Route_VLD_ATL,2.0259181827177745e-06
Route_MCO_EWR,2.0199593016255806e-06
Origin_ECP,1.9880860084174523e-06
Route_ORD_BDL,1.9581260695223974e-06
Route_OGG_LAX,1.9509775547844437e-06
Route_MSP_SEA,1.9418345605564805e-06
Route_SAT_MIA,1.927544579152149e-06
Route_MSP_CID,1.914870880611098e-06
Route_BOS_MSY,1.8883157392500024e-06
Route_ORD_MSP,1.8826967533867715e-06
Dest_MYR,1.8784645836260482e-06
Route_DTW_STL,1.8562768709049383e-06
Origin_FWA,1.8518400605522588e-06
Route_ABQ_PHX,1.8466505955190716e-06
Route_FAI_SEA,1.8404590428051004e-06
Route_ATL_MSP,1.8399969039070108e-06
Route_LEX_CLT,1.8365837768924398e-06
Route_JFK_ORD,1.8276405156903776e-06
Route_JFK_TPA,1.8106808493986135e-06
Route_FLL_SEA,1.8028572083255564e-06
Route_JFK_IAD,1.785206921627471e-06
Route_DTW_BGM,1.7822413998083752e-06
Route_GTR_ATL,1.755733440035589e-06
Route_SFO_FLL,1.7499113189161211e-06
Route_BWI_ATL,1.7077837109172153e-06
Route_MIA_STX,1.7036860235612384e-06
Dest_MQT,1.6991964895819591e-06
Route_DTW_DEN,1.6846053974372612e-06
Route_PHL_CHS,1.684538130670373e-06
Route_BZN_SEA,1.6724874876401722e-06
Route_AUS_SEA,1.6716586728611672e-06
Route_LAX_GEG,1.62329954451997e-06
Route_PHL_RSW,1.6043790790264838e-06
Route_PBI_EWR,1.5910913154965056e-06
Route_CVG_PHX,1.5876747202130422e-06
Route_JFK_BWI,1.5837244472975278e-06
Dest_TVC,1.5694218252092799e-06
Route_STL_DTW,1.5680145028848345e-06
Route_DFW_EYW,1.5636199507144862e-06
Route_ATL_SNA,1.5580660338835683e-06
Route_MRY_DFW,1.5356365121683853e-06
Dest_GRB,1.5177703250690924e-06
Route_STT_SJU,1.5141001101183e-06
Route_CLT_AVL,1.5023952157999944e-06
Route_SNA_MIA,1.4967797131923174e-06
Route_LGA_ATL,1.4943441008766881e-06
Route_KOA_SAN,1.4927969070630009e-06
Origin_SGF,1.485965504786942e-06
Route_BOS_CHS,1.4801143341322423e-06
Route_ATL_FAY,1.4787075445420492e-06
Route_RDU_BNA,1.4752704286471696e-06
Route_SEA_BWI,1.4564094980727352e-06
Route_EYW_DFW,1.4389738616609098e-06
Route_ATL_STT,1.4383692429512577e-06
Dest_BGR,1.4196688119061279e-06
Route_SJC_HNL,1.4145749712354384e-06
Route_DTW_MQT,1.3986984887222507e-06
Route_RDU_MIA,1.378789336928932e-06
Route_BOS_LAS,1.3701590412075673e-06
Route_PHX_SLC,1.3664150624059644e-06
Route_PWM_DCA,1.3494472488262404e-06
Route_SEA_LIH,1.3433355324192322e-06
Route_DFW_MSY,1.3398696641665639e-06
Route_AVP_CLT,1.3302917634219934e-06
Route_PSP_DFW,1.320725263212677e-06
Route_IAH_ORD,1.3055072126162988e-06
Route_DFW_MDT,1.296805218628491e-06
Route_ORD_IND,1.282603411322368e-06
Route_DCA_PWM,1.2759968618381311e-06
Route_STL_MIA,1.2671817185486828e-06
Route_PBI_ORD,1.2333065785469006e-06
Route_BOS_RIC,1.2180707934981181e-06
Route_ORF_DTW,1.1990309719069428e-06
Route_SNA_PDX,1.1928366527122063e-06
Route_GSP_CLT,1.1809664358978057e-06
Route_ATL_JAC,1.1758599106863337e-06
Route_FAT_PHX,1.162314432936584e-06
Dest_SHV,1.1274595267270869e-06
Route_ONT_CLT,1.1256867823026019e-06
Route_MIA_LAX,1.1146569504179356e-06
Route_STS_SEA,1.0664936623673728e-06
Route_PHL_ORD,1.0579094757078983e-06
Route_MEM_PHX,1.0440275062857477e-06
Route_CID_DFW,1.0411055618371218e-06
Route_MDT_DFW,1.0061292345315858e-06
Route_LGA_GSO,9.933537853109374e-07
Route_DTW_FLL,9.90235234741129e-07
Route_STX_MIA,9.827748333696147e-07
Route_SEA_PSP,9.577528065166374e-07
Route_TPA_BQN,9.510831073936884e-07
Route_DFW_GUC,9.314868452652614e-07
Route_ROA_ATL,9.10459509470357e-07
Route_DTW_MSP,9.047028494069347e-07
Route_DFW_BWI,9.041854431431409e-07
Route_DFW_JFK,8.983942272794228e-07
Route_ATL_BOI,8.887194795070718e-07
Route_LAS_AUS,8.302363930152486e-07
Route_ORD_ABQ,8.197594930922459e-07
Route_BGR_JFK,8.10973547244967e-07
Route_IAD_DTW,7.941400063870176e-07
Route_ANC_PHX,7.94031671324702e-07
Route_ORF_DFW,7.79881756906554e-07
Route_SGF_ATL,7.75903825072975e-07
Route_PBI_CLT,7.698941962150985e-07
Route_DCA_CHS,7.397078991506269e-07
Origin_CRW,7.374807463417937e-07
Route_SEA_ABQ,7.163945585072176e-07
Route_SEA_SBA,7.061585448586867e-07
Route_LGA_TPA,7.013240213848909e-07
Route_SEA_KTN,6.757430869255389e-07
Route_ORD_OMA,6.64708873790603e-07
Route_SAT_PHX,6.592793536301764e-07
Route_FLL_SAN,6.513082519852858e-07
Route_SEA_DAL,6.349111743605839e-07
Route_SEA_OAK,6.185756039114268e-07
Route_LGA_ROC,6.093764279879465e-07
Route_JFK_BTV,5.87258051864372e-07
Route_CLE_ORD,5.829788959782177e-07
Route_STT_JFK,5.598199521066932e-07
Route_MSP_CMH,5.597682470218022e-07
Route_ORD_MSY,5.516664217942982e-07
Route_ATL_FSD,5.448008849166668e-07
Route_BOS_TPA,5.391131453047534e-07
Route_PDX_BNA,4.818890114454351e-07
Dest_BFL,4.4170281593469264e-07
Route_GEG_PHX,4.284047505791285e-07
Route_BOS_SRQ,4.1519947350970007e-07
Route_SNA_ORD,4.003270158712771e-07
Route_EWR_CVG,3.9545195323492327e-07
Route_MCI_ORD,3.940675171766883e-07
Route_LEX_ATL,3.933365564333765e-07
Route_MIA_CHS,3.796644828725382e-07
Route_LAS_FLL,3.740019721703568e-07
Route_SEA_LAS,3.381139592665593e-07
Route_ORD_SLC,3.1306433098689927e-07
Route_SEA_JNU,3.111888415550314e-07
Route_ORD_TPA,3.103825750002133e-07
Route_RNO_SEA,2.865394933582159e-07
Route_IND_MIA,2.787834073770644e-07
Route_MCO_BUF,2.741684773534545e-07
Route_MSP_XNA,2.5770568918736933e-07
Route_JFK_MCI,2.2257160575454734e-07
Route_ILM_ATL,2.0417083412327616e-07
Origin_BTR,2.021567596921773e-07
Dest_AVP,1.9586353149683835e-07
Route_FSD_MSP,1.9377718079458148e-07
Route_STL_ORD,1.8745880006126033e-07
Route_LGA_IND,1.6952306514218832e-07
Route_DEN_JFK,1.6929020064499443e-07
Route_FLL_ORD,1.5738853789246774e-07
Route_PSE_JFK,1.5109205346981262e-07
Route_ANC_OTZ,1.4485111101528025e-07
Route_MIA_SAT,1.3728916472920912e-07
Route_PHL_MSP,1.355889208230155e-07
Route_SEA_ORD,1.3052209065533993e-07
Route_PHX_MCO,1.27090920391279e-07
Route_ECP_DFW,1.0514916947354515e-07
Route_PHL_STL,9.181942845993463e-08
Route_EWR_PDX,7.763901709169609e-08
Route_AUS_CVG,7.710639441133724e-08
Dest_RDM,7.669476395129308e-08
Route_LAX_STL,7.425691582870686e-08
Route_PHX_GRR,6.540081338780252e-08
Route_CID_PHX,6.035243689599284e-08
Route_KTN_JNU,5.608959766977038e-08
Route_SFO_DCA,4.6985567649397786e-08
Route_LGA_AVL,4.10881915167047e-08
Route_RIC_LGA,4.015106070623176e-08
Route_DFW_OGG,3.804897169885307e-08
Route_FLL_CHS,2.938409826870628e-08
Route_PSG_WRG,2.6889318994768724e-08
Origin_MDT,2.2297338360372877e-08
Route_CLT_ECP,1.4147886697300154e-08
Route_BUR_SEA,1.1909406551889827e-08
Route_JNU_KTN,1.0331015064712015e-08
Route_SEA_OMA,5.2391790940681065e-09
Route_DFW_ALB,3.7947414868241566e-09
Origin_STX,3.1545829099472495e-09
Route_PAE_HNL,9.192274893899232e-10
Origin_BOI,5.706881346631275e-10
Route_ATL_DHN,9.263525265570767e-20
Route_PVD_LGA,8.73817699113803e-20
Route_IND_ORD,7.525118489487971e-20
Origin_HYA,0.0
Route_DCA_JFK,0.0
Route_DCA_MCI,0.0
Route_DCA_MSY,0.0
Route_DCA_MVY,0.0
Route_DFW_BDL,0.0
Route_DFW_BFL,0.0
Origin_MBS,0.0
Route_LGA_DEN,0.0
Route_STT_DFW,0.0
Route_CVG_LAS,0.0
Route_BOS_JAX,0.0
Origin_ADK,0.0
Origin_BGM,0.0
Origin_BIL,0.0
Origin_BIS,0.0
Origin_BQK,0.0
Route_DCA_SLC,0.0
Route_DCA_SYR,0.0
Route_DCA_VPS,0.0
Route_DEN_ANC,0.0
Route_TYS_MSP,0.0
Origin_FAR,0.0
Route_CVG_RSW,0.0
Route_CVG_SEA,0.0
Route_CVG_SLC,0.0
Route_CVG_TPA,0.0
Route_CWA_MSP,0.0
Route_DFW_FCA,0.0
Route_CVG_FLL,0.0
Route_TVC_DTW,0.0
Route_TPA_SAN,0.0
Route_TPA_SFO,0.0
Route_TPA_SJU,0.0
Route_TUL_ATL,0.0
Route_TPA_HPN,0.0
Route_TPA_JFK,0.0
Route_CVG_PHL,0.0
Route_CVG_RDU,0.0
Origin_MHT,0.0
Route_SYR_MCO,0.0
Route_SYR_MSP,0.0
Route_TLH_FLL,0.0
Route_TPA_AUS,0.0
Route_TPA_BDL,0.0
Route_STT_PHL,0.0
Route_STL_DCA,0.0
Route_SNA_AUS,0.0
Route_SNA_CLT,0.0
Route_SNA_JFK,0.0
Route_SRQ_BOS,0.0
Origin_JAN,0.0
Origin_LAN,0.0
Route_TUS_ORD,0.0
Route_BHM_ATL,0.0
Route_BHM_DFW,0.0
Route_MIA_BDL,0.0
Route_MIA_BUF,0.0
Route_MIA_BWI,0.0
Route_MIA_DEN,0.0
Route_MEM_DTW,0.0
Route_MEM_LGA,0.0
Route_BNA_MSP,0.0
Route_BHM_LGA,0.0
Route_BIL_MSP,0.0
Route_BIL_SLC,0.0
Route_BIS_MSP,0.0
Route_BNA_ATL,0.0
Route_BNA_DCA,0.0
Route_BGR_PHL,0.0
Route_BNA_PHL,0.0
Route_BNA_RDU,0.0
Route_BNA_SEA,0.0
Route_BNA_SLC,0.0
Route_BOI_ATL,0.0
Route_BNA_DTW,0.0
Route_BNA_EYW,0.0
Route_BNA_FLL,0.0
Route_LGA_DTW,0.0
Route_LGA_GRR,0.0
Route_LGA_SRQ,0.0
Route_LGA_TVC,0.0
Route_LGA_XNA,0.0
Route_LGA_MVY,0.0
Route_LGA_OMA,0.0
Route_BNA_PDX,0.0
Route_LAX_RNO,0.0
Route_MCO_SYR,0.0
Route_MDT_DTW,0.0
Route_BOI_MSP,0.0
Route_BOI_PHX,0.0
Route_MCO_LGA,0.0
Route_MCO_ORH,0.0
Route_MCO_PDX,0.0
Route_BOS_EYW,0.0
Route_BOS_HDN,0.0
Route_LEX_DTW,0.0
Route_BOI_SLC,0.0
Route_BOS_ACK,0.0
Route_BOS_AVL,0.0
Route_BOS_BNA,0.0
Route_LAX_RDU,0.0
Route_BOS_SLC,0.0
Route_BOS_SMF,0.0
Route_BOS_STT,0.0
Route_BOS_SYR,0.0
Route_BOS_BUF,0.0
Route_BOS_BWI,0.0
Route_BOS_BZN,0.0
Route_BOS_CVG,0.0
Route_MEM_MSP,0.0
Route_MHT_CLT,0.0
Route_MCO_SLC,0.0
Route_BQN_TPA,0.0
Route_BTR_ATL,0.0
Route_BTV_ATL,0.0
Route_BTV_DCA,0.0
Route_BOS_SJC,0.0
Route_MIA_SAV,0.0
Route_MIA_SDF,0.0
Route_MIA_SLC,0.0
Route_MIA_SMF,0.0
Route_MIA_SNA,0.0
Route_BGR_DCA,0.0
Route_BGR_LGA,0.0
Route_JNU_GST,0.0
Route_MIA_MSP,0.0
Route_MIA_MSY,0.0
Route_MIA_OKC,0.0
Route_MKE_BOS,0.0
Route_MKE_DTW,0.0
Route_MKE_MIA,0.0
Route_MKE_MSP,0.0
Route_MKE_PHX,0.0
Route_BDL_PHL,0.0
Route_AVL_BOS,0.0
Route_AVL_CLT,0.0
Route_AVL_LGA,0.0
Route_AZO_DTW,0.0
Route_BDL_ATL,0.0
Route_BDL_DCA,0.0
Route_MIA_MEM,0.0
Route_MCO_RDU,0.0
Route_MCO_RIC,0.0
Route_BDL_DTW,0.0
Route_BDL_LAX,0.0
Route_BDL_LGA,0.0
Route_BDL_MSP,0.0
Route_BDL_ORD,0.0
Route_BDL_PBI,0.0
Route_BDL_RSW,0.0
Route_BFL_PHX,0.0
Route_BGM_LGA,0.0
Route_BGR_CLT,0.0
Route_MSP_FSD,0.0
Route_MSP_FWA,0.0
Route_MSP_GFK,0.0
Route_MSP_GRB,0.0
Route_LAS_DCA,0.0
Route_LAS_PAE,0.0
Route_BQK_ATL,0.0
Route_BQN_FLL,0.0
Route_BQN_JFK,0.0
Route_MIA_PDX,0.0
Route_MIA_PIT,0.0
Route_MIA_RDU,0.0
Route_LAS_PDX,0.0
Route_LAX_ATL,0.0
Route_LAX_BDL,0.0
Route_LAX_BNA,0.0
Route_LAX_BUF,0.0
Route_LAX_DCA,0.0
Route_LAN_DTW,0.0
Route_LAS_ANC,0.0
Route_KOA_ANC,0.0
Route_JFK_RSW,0.0
Route_JFK_SAT,0.0
Route_JFK_SJC,0.0
Route_JFK_SLC,0.0
Route_JFK_SRQ,0.0
Route_JFK_STT,0.0
Route_MSY_ORD,0.0
Route_MSY_PHL,0.0
Route_MSY_PHX,0.0
Route_MTJ_DFW,0.0
Route_MSP_SYR,0.0
Route_MSP_TYS,0.0
Route_MSY_AUS,0.0
Route_MSY_BOS,0.0
Route_MQT_DTW,0.0
Route_MRY_PHX,0.0
Route_MSN_ATL,0.0
Route_MSN_DFW,0.0
Route_MSN_DTW,0.0
Route_MSY_JFK,0.0
Route_MSY_LGA,0.0
Route_MSY_MIA,0.0
Route_MSP_FAR,0.0
Route_MSN_LGA,0.0
Route_MSN_MSP,0.0
Route_MSN_PHX,0.0
Route_MSO_DFW,0.0
Route_MSO_SEA,0.0
Route_MSP_ANC,0.0
Route_MSP_ATW,0.0
Route_MSP_GRR,0.0
Route_MSP_IAD,0.0
Route_MSP_MEM,0.0
Route_MSP_CLE,0.0
Route_MSP_CLT,0.0
Route_MSP_DCA,0.0
Route_MSP_DLH,0.0
Route_MSP_DSM,0.0
Route_MSP_RIC,0.0
Route_MSP_SDF,0.0
Route_MSP_STL,0.0
Route_MSP_MIA,0.0
Route_MSP_MKE,0.0
Route_MSP_MSN,0.0
Route_MSP_OMA,0.0
Route_MSP_ORD,0.0
Route_BOS_SAN,0.0
Route_BOS_SAV,0.0
Route_KOA_LAX,0.0
Route_KOA_PDX,0.0
Route_KOA_SEA,0.0
Route_KOA_SJC,0.0
Route_KTN_SEA,0.0
Route_BOS_MVY,0.0
Route_JFK_HYA,0.0
Route_BUF_MCO,0.0
Route_BUF_MIA,0.0
Route_BUF_ORD,0.0
Route_BUF_PHL,0.0
Route_BUR_DFW,0.0
Route_BOS_PDX,0.0
Route_MSY_CLT,0.0
Route_MSY_DCA,0.0
Route_MSY_FLL,0.0
Route_MSP_PIT,0.0
Route_MSP_RAP,0.0
Route_MSP_RDU,0.0
Route_BWI_MSP,0.0
Route_BWI_ORD,0.0
Route_AUS_MSY,0.0
Route_AUS_PDX,0.0
Route_AUS_RDU,0.0
Route_AUS_SAN,0.0
Route_AUS_BOS,0.0
Route_AUS_DTW,0.0
Route_AUS_FLL,0.0
Route_AUS_LAS,0.0
Route_MVY_BOS,0.0
Route_MVY_DCA,0.0
Route_MVY_JFK,0.0
Route_MVY_LGA,0.0
Route_MYR_CLT,0.0
Route_MYR_DFW,0.0
Route_AUS_MCO,0.0
Route_AUS_MSP,0.0
Route_OKC_MIA,0.0
Route_OMA_DTW,0.0
Route_OMA_LGA,0.0
Route_OMA_MSP,0.0
Route_OAK_SEA,0.0
Route_OGG_ANC,0.0
Route_OGG_SFO,0.0
Route_OGG_SJC,0.0
Route_MSP_ORF,0.0
Route_MSP_PHL,0.0
Route_MSP_PHX,0.0
Route_OME_ANC,0.0
Route_OME_OTZ,0.0
Route_ONT_PDX,0.0
Route_OKC_DCA,0.0
Route_OKC_DFW,0.0
Route_ATW_MSP,0.0
Route_ORD_BUF,0.0
Route_ORD_BWI,0.0
Route_ORD_BZN,0.0
Route_ORD_CID,0.0
Route_ORD_SMF,0.0
Route_ORD_PVD,0.0
Route_ORD_RNO,0.0
Route_JFK_MKE,0.0
Route_JFK_MVY,0.0
Route_BWI_BOS,0.0
Route_BWI_DFW,0.0
Route_BWI_DTW,0.0
Route_ATL_VPS,0.0
Route_ATW_ATL,0.0
Route_ATW_DTW,0.0
Route_JAX_PHL,0.0
Route_JFK_ABQ,0.0
Route_JFK_ORF,0.0
Route_JFK_RIC,0.0
Route_JFK_RNO,0.0
Route_JFK_ROC,0.0
Route_JFK_IAH,0.0
Route_JFK_JAX,0.0
Route_ORD_DEN,0.0
Route_ORD_DSM,0.0
Route_JFK_BGR,0.0
Route_JAX_DCA,0.0
Route_JAX_FLL,0.0
Route_JAX_JFK,0.0
Route_JAX_LGA,0.0
Route_JAX_ORD,0.0
Route_ORD_MCI,0.0
Route_AUS_SLC,0.0
Route_AUS_TPA,0.0
Route_AVL_ATL,0.0
Route_ORD_FCA,0.0
Route_ORD_GRR,0.0
Route_ORD_IAH,0.0
Route_ATL_SGF,0.0
Route_BUF_LAX,0.0
Route_JFK_CLE,0.0
Route_JFK_DCA,0.0
Route_JFK_DEN,0.0
Route_BTV_DTW,0.0
Route_JFK_ACK,0.0
Route_JFK_ANC,0.0
Route_JFK_AUS,0.0
Route_CHS_MSP,0.0
Route_CHS_PHL,0.0
Route_BTV_PHL,0.0
Route_BUF_ATL,0.0
Route_BUF_BOS,0.0
Route_BUF_DFW,0.0
Route_BUF_DTW,0.0
Route_BUF_JFK,0.0
Route_ORD_SAT,0.0
Route_ORD_SDF,0.0
Route_ORD_JAX,0.0
Route_IAH_PHL,0.0
Route_CHS_BOS,0.0
Route_CHS_DCA,0.0
Route_CHS_HPN,0.0
Route_CHS_LGA,0.0
Route_PDX_LIH,0.0
Route_PDX_OGG,0.0
Route_PDX_ONT,0.0
Route_PDX_PHL,0.0
Route_PDX_AUS,0.0
Route_IAD_JFK,0.0
Route_IAD_LAX,0.0
Route_IAD_MSP,0.0
Route_ORH_FLL,0.0
Route_ORH_LGA,0.0
Route_ORH_MCO,0.0
Route_ORH_RSW,0.0
Route_PDX_PSP,0.0
Route_ATL_MLB,0.0
Route_ATL_MSN,0.0
Route_ATL_MTJ,0.0
Route_OTZ_ANC,0.0
Route_PAE_LAS,0.0
Route_PAE_LAX,0.0
Route_PBI_BDL,0.0
Route_PBI_BOS,0.0
Route_ORF_LGA,0.0
Route_ORF_MSP,0.0
Route_ATL_SJC,0.0
Route_ATL_SMF,0.0
Route_ATL_STX,0.0
Route_ATL_SYR,0.0
Route_ATL_PSP,0.0
Route_ATL_PVD,0.0
Route_ATL_PWM,0.0
Route_ATL_ROC,0.0
Route_PBI_LAX,0.0
Route_PBI_LGA,0.0
Route_ATL_FWA,0.0
Route_ATL_HDN,0.0
Route_ATL_HNL,0.0
Route_PHL_EYW,0.0
Route_PHL_MSY,0.0
Route_PHL_BNA,0.0
Route_IND_LAX,0.0
Route_CHS_SEA,0.0
Route_CID_ATL,0.0
Route_IAH_BOS,0.0
Route_PDX_FLL,0.0
Route_ATL_TUL,0.0
Route_ATL_TUS,0.0
Route_PBI_JFK,0.0
Route_JAC_ORD,0.0
Route_JAC_SFO,0.0
Route_JAN_ATL,0.0
Route_JAX_BOS,0.0
Route_ICT_ATL,0.0
Route_ICT_DFW,0.0
Route_IND_DCA,0.0
Route_IND_DTW,0.0
Route_IAD_SAN,0.0
Route_HPN_MCO,0.0
Route_HPN_RSW,0.0
Route_HSV_ATL,0.0
Route_HYA_JFK,0.0
Route_IND_SEA,0.0
Route_JAC_CLT,0.0
Route_IAD_CLT,0.0
Route_IAD_DFW,0.0
Route_PHL_CLE,0.0
Route_PHL_CMH,0.0
Route_PHL_CVG,0.0
Route_ATL_ONT,0.0
Route_ATL_ORF,0.0
Route_ATL_PDX,0.0
Route_CHO_LGA,0.0
Route_CHS_ATL,0.0
Route_BWI_SLC,0.0
Route_BZN_ATL,0.0
Route_BZN_BOS,0.0
Route_BZN_MSP,0.0
Route_BZN_ORD,0.0
Route_BZN_SLC,0.0
Route_GRR_CLT,0.0
Route_GRR_DTW,0.0
Route_GRR_LGA,0.0
Route_GRR_MSP,0.0
Route_CDV_ANC,0.0
Route_CDV_YAK,0.0
Route_CHA_DTW,0.0
Route_CHO_ATL,0.0
Route_PHL_BTV,0.0
Route_PHL_BUF,0.0
Route_GSO_DTW,0.0
Route_GSP_ATL,0.0
Route_GFK_MSP,0.0
Route_GNV_ATL,0.0
Route_GRB_DTW,0.0
Route_GRB_MSP,0.0
Route_ANC_PDX,0.0
Route_ANC_SAN,0.0
Route_PHX_MSN,0.0
Route_PHX_MSP,0.0
Route_PHX_MSY,0.0
Route_ANC_HNL,0.0
Route_ANC_JFK,0.0
Route_ANC_KOA,0.0
Route_PHL_PDX,0.0
Route_PHL_PNS,0.0
Route_PHL_PVD,0.0
Route_PHL_PWM,0.0
Route_ANC_LAX,0.0
Route_ANC_OGG,0.0
Route_ANC_OME,0.0
Route_ANC_ORD,0.0
Route_PHX_BOI,0.0
Route_PHX_CID,0.0
Route_PHX_CLE,0.0
Route_ATL_BQK,0.0
Route_PHL_SAT,0.0
Route_PHL_SLC,0.0
Route_PHL_SRQ,0.0
Route_PHL_STT,0.0
Route_PHL_BDL,0.0
Route_PHL_BGR,0.0
Route_ATL_BUR,0.0
Route_ATL_CRW,0.0
Route_TPA_LGA,0.0
Route_PHX_ATL,0.0
Route_PHX_BFL,0.0
Route_PHX_BNA,0.0
Route_PHX_KOA,0.0
Route_PHX_LIH,0.0
Route_PHX_MRY,0.0
Route_ATL_EGE,0.0
Route_PHX_CMH,0.0
Route_PHX_CVG,0.0
Route_PHX_ELP,0.0
Route_PHX_EUG,0.0
Route_GST_JNU,0.0
Route_GUC_DFW,0.0
Route_HDN_BOS,0.0
Route_HDN_DFW,0.0
Route_HDN_FLL,0.0
Route_GRR_PHX,0.0
Route_GSO_ATL,0.0
Route_PHX_JAX,0.0
Route_CLT_BGR,0.0
Route_HNL_PAE,0.0
Route_HNL_SAN,0.0
Route_HNL_SJC,0.0
Route_HPN_ACK,0.0
Route_HPN_CHS,0.0
Route_HPN_DTW,0.0
Route_GSP_DTW,0.0
Route_ANC_LAS,0.0
Route_PHX_HNL,0.0
Route_PHX_IAH,0.0
Route_FLL_HDN,0.0
Route_CLE_PHL,0.0
Route_CLE_PHX,0.0
Route_CLE_PIT,0.0
Route_CLE_SEA,0.0
Route_PHX_PIT,0.0
Route_RDU_BOS,0.0
Route_RDU_DTW,0.0
Route_RDU_LAX,0.0
Route_RDU_MCO,0.0
Route_PWM_LGA,0.0
Route_PWM_PHL,0.0
Route_RAP_CLT,0.0
Route_PHX_SJC,0.0
Route_PHX_STL,0.0
Route_PHX_TUS,0.0
Route_ANC_SFO,0.0
Route_ANC_SLC,0.0
Route_ATL_ANC,0.0
Route_PHX_ONT,0.0
Route_PHX_PAE,0.0
Route_PIT_DTW,0.0
Route_PIT_JFK,0.0
Route_PIT_LGA,0.0
Route_PIT_MIA,0.0
Route_PIT_ORD,0.0
Route_PHX_SAN,0.0
Route_PHX_SBA,0.0
Route_PHX_SBP,0.0
Route_PHX_GEG,0.0
Route_PIT_PHX,0.0
Route_PNS_DCA,0.0
Route_PNS_LGA,0.0
Route_PNS_PHL,0.0
Route_PSC_SEA,0.0
Route_PSE_MCO,0.0
Route_PIT_DCA,0.0
Route_PWM_JFK,0.0
Route_PSG_JNU,0.0
Route_PSP_ORD,0.0
Route_PSP_PHX,0.0
Route_PVD_DCA,0.0
Route_PVD_FLL,0.0
Route_ANC_ADK,0.0
Route_ANC_ADQ,0.0
Route_GEG_SAN,0.0
Route_FLL_PDX,0.0
Route_FLL_RDU,0.0
Route_FLL_SLC,0.0
Route_FLL_CVG,0.0
Route_PVD_PHL,0.0
Route_PWM_CLT,0.0
Route_PWM_DTW,0.0
Route_EYW_ATL,0.0
Route_EYW_BOS,0.0
Route_EYW_DCA,0.0
Route_FAI_ANC,0.0
Route_FWA_ATL,0.0
Route_FWA_MSP,0.0
Route_GEG_CLT,0.0
Route_GEG_LAX,0.0
Route_RAP_MSP,0.0
Route_RDM_DFW,0.0
Origin_CSG,0.0
Route_PVD_ORD,0.0
Route_PVD_PBI,0.0
Route_FAY_ATL,0.0
Route_FCA_DFW,0.0
Route_FCA_ORD,0.0
Route_RSW_CVG,0.0
Route_RSW_EWR,0.0
Route_RSW_HPN,0.0
Route_RSW_LGA,0.0
Route_RSW_ORH,0.0
Route_RSW_PHL,0.0
Route_RNO_LAX,0.0
Route_RNO_ORD,0.0
Route_RDU_PHX,0.0
Route_RDU_SJU,0.0
Route_RIC_BOS,0.0
Route_RIC_DTW,0.0
Route_RSW_SEA,0.0
Dest_YAK,0.0
Route_ABQ_JFK,0.0
Route_RSW_BDL,0.0
Route_AMA_DFW,0.0
Route_ACK_BOS,0.0
Route_ACK_DCA,0.0
Route_ACK_HPN,0.0
Route_ACK_JFK,0.0
Route_ACK_LGA,0.0
Route_ADK_ANC,0.0
Route_RDU_PHL,0.0
Route_ANC_AKN,0.0
Route_ANC_ATL,0.0
Route_ANC_CDV,0.0
Route_ANC_DEN,0.0
Route_AKN_ANC,0.0
Route_ALB_DFW,0.0
Route_ALB_FLL,0.0
Route_ALB_MCO,0.0
Route_DTW_MBS,0.0
Route_DTW_MCI,0.0
Route_DTW_MDT,0.0
Route_EWR_SAN,0.0
Route_EWR_SFO,0.0
Route_EUG_PHX,0.0
Route_EUG_SEA,0.0
Route_EWR_ATL,0.0
Route_FLL_BQN,0.0
Route_CID_CLT,0.0
Route_CID_MSP,0.0
Route_CID_ORD,0.0
Route_FAR_MSP,0.0
Route_DTW_MSY,0.0
Route_DTW_OMA,0.0
Route_DTW_PBI,0.0
Route_ECP_DCA,0.0
Route_EGE_ATL,0.0
Route_CLE_ATL,0.0
Route_CLE_BOS,0.0
Route_CLE_JFK,0.0
Route_CLE_LGA,0.0
Route_CLE_MSP,0.0
Route_FLL_BNA,0.0
Route_EGE_MIA,0.0
Route_EGE_ORD,0.0
Route_ELP_ATL,0.0
Route_ELP_PHX,0.0
Route_DTW_TPA,0.0
Route_DTW_TVC,0.0
Route_ECP_ATL,0.0
Route_ECP_CLT,0.0
Route_SAN_ATL,0.0
Route_SAN_AUS,0.0
Route_SAN_BOS,0.0
Dest_MHT,0.0
Route_SDF_ORD,0.0
Route_SEA_BNA,0.0
Route_SEA_BUR,0.0
Route_SEA_CHS,0.0
Route_SAT_LAX,0.0
Route_SAN_HNL,0.0
Route_SAN_IAD,0.0
Route_SAN_KOA,0.0
Route_SAN_OGG,0.0
Route_ABQ_MSP,0.0
Route_ABQ_ORD,0.0
Route_SAN_ANC,0.0
Route_RNO_JFK,0.0
Route_SAT_ORD,0.0
Route_SAT_PHL,0.0
Dest_PSG,0.0
Dest_RAP,0.0
Dest_RST,0.0
Route_SAN_TPA,0.0
Route_SAT_JFK,0.0
Route_EGE_DFW,0.0
Route_EGE_JFK,0.0
Route_ROA_LGA,0.0
Route_ANC_DLG,0.0
Route_ANC_DTW,0.0
Route_ANC_FAI,0.0
Route_RIC_MIA,0.0
Route_RIC_MSP,0.0
Route_DTW_MKE,0.0
Route_DTW_MSN,0.0
Route_SBP_PHX,0.0
Route_SDF_DTW,0.0
Route_SDF_MIA,0.0
Route_SDF_MSP,0.0
Route_SAV_BOS,0.0
Route_SAV_MIA,0.0
Route_DTW_SNA,0.0
Route_DTW_SRQ,0.0
Route_DTW_PWM,0.0
Route_DTW_RDU,0.0
Route_DTW_RIC,0.0
Route_DTW_RSW,0.0
Route_DTW_SAN,0.0
Route_DTW_SAT,0.0
Route_DTW_CMH,0.0
Route_DTW_DCA,0.0
Route_DTW_EWR,0.0
Route_DTW_SDF,0.0
Route_DTW_SEA,0.0
Route_DTW_SFO,0.0
Route_DTW_SJU,0.0
Route_DTW_SLC,0.0
Route_SBA_SEA,0.0
Route_DTW_GSO,0.0
Route_DTW_GSP,0.0
Route_DTW_HNL,0.0
Route_DTW_HPN,0.0
Route_DTW_HSV,0.0
Route_DTW_CHA,0.0
Route_DTW_CHS,0.0
Route_DTW_LAS,0.0
Route_DTW_LAX,0.0
Route_DTW_LEX,0.0
Route_DTW_LGA,0.0
Route_DTW_GRB,0.0
Route_DTW_GRR,0.0
Route_SEA_EUG,0.0
Route_SEA_IAD,0.0
Route_DFW_STS,0.0
Route_DFW_STT,0.0
Route_CLT_DSM,0.0
Origin_GFK,0.0
Route_CLT_GEG,0.0
Route_CLT_JAC,0.0
Route_DTW_IAH,0.0
Route_DTW_JAX,0.0
Route_SEA_MSP,0.0
Route_SEA_DTW,0.0
Route_DLG_ANC,0.0
Route_DLH_MSP,0.0
Route_DSM_ATL,0.0
Route_CLT_PDX,0.0
Route_CLT_PWM,0.0
Route_CLT_RAP,0.0
Dest_DLG,0.0
Dest_DLH,0.0
Dest_EUG,0.0
Dest_FAR,0.0
Dest_FCA,0.0
Route_SEA_IND,0.0
Route_SEA_MIA,0.0
Route_SEA_MSO,0.0
Dest_AZO,0.0
Dest_BET,0.0
Route_SJC_JFK,0.0
Origin_TVC,0.0
Dest_ACK,0.0
Dest_ADK,0.0
Route_SFO_SAN,0.0
Route_SFO_TPA,0.0
Route_SEA_OKC,0.0
Origin_GNV,0.0
Route_SEA_ONT,0.0
Dest_GFK,0.0
Dest_GST,0.0
Dest_BQK,0.0
Dest_AKN,0.0
Dest_AMA,0.0
Route_SEA_TUS,0.0
Route_SFO_ANC,0.0
Route_SFO_AUS,0.0
Route_SFO_DAL,0.0
Route_SEA_RDM,0.0
Route_SEA_RSW,0.0
Route_SEA_SIT,0.0
Dest_CRW,0.0
Dest_OME,0.0
Dest_OTZ,0.0
Dest_HYA,0.0
Dest_LAN,0.0
Dest_MBS,0.0
Route_SEA_CVG,0.0
Route_SEA_STL,0.0
Route_SEA_STS,0.0
Route_SFO_HNL,0.0
Route_SFO_JAC,0.0
Route_SFO_OGG,0.0
Route_SLC_ORD,0.0
Route_SLC_PHL,0.0
Route_SLC_PHX,0.0
Route_SMF_BOS,0.0
Route_SMF_MIA,0.0
Route_DTW_AUS,0.0
Route_DTW_AZO,0.0
Route_DFW_SYR,0.0
Route_DFW_TVC,0.0
Route_DFW_TYS,0.0
Route_SIT_KTN,0.0
Route_SIT_SEA,0.0
Route_SJC_BOS,0.0
Route_DTW_BOS,0.0
Route_DTW_BTV,0.0
Route_DTW_BUF,0.0
Route_DTW_BWI,0.0
Route_DSM_DTW,0.0
Route_DSM_LGA,0.0
Route_DSM_ORD,0.0
Route_DTW_ATW,0.0
Route_CMH_SEA,0.0
Route_COS_ATL,0.0
Route_CRW_ATL,0.0
Route_CSG_ATL,0.0
Route_CLT_SNA,0.0
Route_CLT_SYR,0.0
Route_CLT_TUL,0.0
Route_DTW_BNA,0.0
Route_CVG_BOS,0.0
Route_DFW_RDM,0.0
Route_CMH_ATL,0.0
Route_CMH_DTW,0.0
Route_CMH_MSP,0.0
Route_SJC_PHX,0.0
Route_SJU_DCA,0.0
Dest_BGM,0.0
Route_DAL_SEA,0.0
Route_DAL_SFO,0.0
Route_DAY_ATL,0.0
Route_DAY_LGA,0.0
Route_CLT_MHT,0.0
Route_CLT_MKE,0.0
Route_CLT_ONT,0.0
Route_CVG_ATL,0.0
Route_SJC_OGG,0.0
Route_DCA_BGR,0.0
Route_DCA_BNA,0.0
Route_DCA_BTV,0.0
Route_DFW_GSO,0.0
Route_DAB_ATL,0.0
Route_DAL_ATL,0.0
Route_DAL_LAX,0.0
Route_SMF_ORD,0.0
Route_SJU_RDU,0.0
Route_SLC_ANC,0.0
Route_SLC_BOS,0.0
Route_SLC_JFK,0.0
Route_SLC_MCO,0.0
Origin_GST,0.0
Route_SJC_LIH,0.0
Route_DFW_IAD,0.0
Route_DFW_LBB,0.0
Route_DCA_ACK,0.0
Route_DCA_BDL,0.0
Route_SRQ_JFK,0.0
Route_SRQ_LGA,0.0
Route_SRQ_ORD,0.0
Route_SRQ_PHL,0.0
Route_DCA_PNS,0.0
Route_DCA_PVD,0.0
Route_DCA_SFO,0.0
Route_DFW_LIT,0.0
Route_DFW_MSN,0.0
Route_DFW_MSO,0.0
Route_DFW_MTJ,0.0
Route_DFW_MYR,0.0
Origin_PSG,0.0
Origin_RAP,0.0
Route_STL_LAX,0.0
Origin_MSO,0.0
Origin_MVY,0.0
Route_SRQ_DCA,0.0
Route_DCA_OKC,0.0
Route_DCA_PIT,0.0
Origin_RST,0.0
Origin_SBP,0.0
Origin_STS,0.0
Origin_OME,0.0
Origin_ORH,0.0
Origin_OTZ,0.0
Origin_PSC,0.0
Origin_PSE,0.0
Origin_AMA,0.0
Origin_AKN,0.0
Route_DEN_DTW,0.0
Origin_ADQ,0.0
Route_DEN_LAX,0.0
Route_DEN_LGA,0.0
Route_DEN_MSP,0.0
Origin_FAY,0.0
Route_VPS_CLT,0.0
Route_VPS_DCA,0.0
Origin_ICT,0.0
Origin_AZO,0.0
Route_DEN_SLC,0.0
Origin_GUC,0.0
Route_DFW_AMA,0.0
Origin_AVP,0.0
Route_XNA_DFW,0.0
Route_XNA_LGA,0.0
Route_YAK_CDV,0.0
Route_DEN_BOS,0.0
Origin_DAL,0.0
Origin_DAY,0.0
Origin_DLG,0.0
Origin_DLH,0.0
Route_CVG_MCO,0.0
Route_SYR_BOS,0.0
Route_SYR_DCA,0.0
Origin_RDM,0.0
Route_STL_MSP,0.0
Route_STL_PHL,0.0
Route_STS_DFW,0.0
Route_TVC_DFW,0.0
Route_LAX_LIH,0.0
Route_LGA_JAX,0.0
Route_LGA_LIT,0.0
Route_LGA_MEM,0.0
Route_LGA_MKE,0.0
Route_LGA_MSN,0.0
Route_LGA_MSY,0.0
Route_TUS_SEA,0.0
Route_LIT_ATL,0.0
Route_LIT_LGA,0.0
Route_MBS_DTW,0.0
Route_LGA_RSW,0.0
Route_LAX_SAT,0.0
Route_LAX_SDF,0.0
Route_LAX_TPA,0.0
Route_LAX_KOA,0.0
Route_BOS_MKE,0.0
Route_BOS_MSP,0.0
Route_LGA_ACK,0.0
Route_MCI_DCA,0.0
Route_MCI_DTW,0.0
Route_MCI_PHL,0.0
Route_LIH_PDX,0.0
Route_LIH_SJC,0.0
Route_DCA_DTW,0.0
Route_DCA_ECP,0.0
Route_DCA_EYW,0.0
Route_DCA_IND,0.0
Route_DCA_JAX,0.0
Route_LGA_BGM,0.0
Route_LGA_BNA,0.0
Route_TVC_LGA,0.0
